Q9696,https://en.wikipedia.org/wiki/John_F._Kennedy,4,1,0.611712,"Relations between the United States and Iraq became strained following the overthrow of the Iraqi LatinGreek_monarchy_1 on July 14 , 1958 , which resulted in the declaration of [1] republican government led by Brigadier Abd_al-Karim_Qasim ."
Q295093,https://en.wikipedia.org/wiki/Claude_Lelouch,7,7,0.714613,"He is the father of [7] children ."
Q105487,https://en.wikipedia.org/wiki/Maurice_Jarre,3,4,0.473687,"He also won [four] Golden Globes , two BAFTA Awards , and 1 Grammy Award ."
Q7742,https://en.wikipedia.org/wiki/Louis_XIV_of_France,19,6,0.689977,"Among the better documented are Louise de La_Valli�re -LRB- with whom he had [6] children ; 1661 -- 67 -RRB- , Bonne de Pons d'Heudicourt -LRB- 1665 -RRB- , Catherine_Charlotte de Gramont -LRB- 1665 -RRB- , Fran�oise-Ath�na�s , Marquise de Montespan -LRB- with whom he had 7 children ; 1667 -- 80 -RRB- , Anne de Rohan-Chabot -LRB- 1669 -- 75 -RRB- , Claude de Vin des ?illets -LRB- 1 child born in 1676 -RRB- , Isabelle de Ludres -LRB- 1675 -- 78 -RRB- , and Marie_Ang�lique de Scorailles -LRB- 1679 -- 81 -RRB- , who died at age 19 in childbirth ."
Q312325,https://en.wikipedia.org/wiki/Ferdinand_I_of_the_Two_Sicilies,17,1,0.150269,"By [1] secret treaty he had bound himself not to advance further in 1 constitutional direction than Austria should at any time approve ; but , though on the whole he acted in accordance with Metternich 's policy of preserving the status quo , and maintained with but slight change Murat 's laws and administrative system , he took advantage of the situation to abolish the Sicilian constitution , in violation of his oath , and to proclaim the union of the two states into the kingdom of the Two Sicilies -LRB- 12 December 1816 -RRB- ."
Q3736361,https://en.wikipedia.org/wiki/Ezio_Carabella,1,0,0.0,""
Q35041,https://en.wikipedia.org/wiki/William_McKinley,2,1,0.475362,"From the beginning , McKinley 's preparations had the participation of Hanna , whose biographer William_T._Horner noted , `` what is certainly true is that in 1888 the two men began to develop [1] close working relationship that helped put McKinley in the White House . ''"
Q61046,https://en.wikipedia.org/wiki/Richard_Courant,4,4,0.832599,"Richard and Nerina had [four] children : Ernest , 1 particle physicist and innovator in particle accelerators ; Gertrude -LRB- 1922-2014 -RRB- , 1 PhD biologist and wife of the mathematician J�rgen_Moser -LRB- 1928 -- 1999 -RRB- ; Hans , 1 physicist who participated in the Manhattan Project ; and Leonore -LRB- known as `` Lori , '' 1928-2015 -RRB- , 1 professional violist and wife of the mathematician Jerome_Berkowitz -LRB- 1928 -- 1998 -RRB- ."
Q535127,https://en.wikipedia.org/wiki/Pierre_Jolivet,1,0,0.0,""
Q569505,https://en.wikipedia.org/wiki/R._B._Kitaj,3,1,0.476775,"After living together for 12 years , he married Sandra_Fisher in December 1983 ; they had [one] son , Max ."
Q7419,https://en.wikipedia.org/wiki/Emperor%20Yang%20of%20Sui,0,1,0.452679,", daughter of Wang_Yu -LRB- ?? -RRB- and Princess Tong ` 1 -LRB- ???? -RRB- , full-sister of Li_Yuan , thus [1] niece of Li_Yuan"
Q237761,https://en.wikipedia.org/wiki/Landgravine_Elisabeth_Amalie_of_Hesse-Darmstadt,11,0,0.0,""
Q9889,https://en.wikipedia.org/wiki/Emperor_Xizong_of_Tang,4,2,0.272159,"In late 876 , the chancellor Wang_Duo tried to end Wang_Xianzhi 's rebellion by promising to make him 1 army officer -- 1 offer that Wang_Xianzhi was initially entice by -- but after Huang opposed the proposal , the war continued , with Wang_Xianzhi and Huang dividing their armies into [two] separate bands ."
Q72141,https://en.wikipedia.org/wiki/Friedrich_Delitzsch,1,0,0.0,""
Q133040,https://en.wikipedia.org/wiki/Alberto_Fujimori,4,4,0.782101,"They had [four] children , including 1 daughter , Keiko , who followed her father into politics ."
Q1386330,https://en.wikipedia.org/wiki/Ramesh_Sippy,2,1,0.442453,"His string of hits with Amitabh_Bachchan made him one of the golden directors who had [1] special working relationship with the actor -LRB- Yash Chopra , Prakash_Mehra , Manmohan_Desai , and Hrishikesh_Mukherjee being the other four -RRB- ."
Q49492,https://en.wikipedia.org/wiki/Michael_Chekhov,1,0,0.0,""
Q152503,https://en.wikipedia.org/wiki/Mikhail_Khodorkovsky,4,1,0.484267,"They had [1] daughter and 2 sons ."
Q202537,https://en.wikipedia.org/wiki/Arkady_Gaidar,1,4,0.408605,"Arkady was the first of the couple 's [four] children ; his three sisters were Natalya , Olga and Yekaterina ."
Q42891,https://en.wikipedia.org/wiki/Krishna,1,7,0.655466,"Devaki was married to Vasudeva and had already given birth to [7] children ."
Q230045,https://en.wikipedia.org/wiki/Tiffani_Thiessen,2,2,0.855164,"She married actor Brady_Smith on July 9 , 2005 , and they have [two] children : daughter Harper -LRB- born 2010 -RRB- and son Holt -LRB- born 2015 -RRB- ."
Q60610,https://en.wikipedia.org/wiki/Prince_Adalbert_of_Bavaria_(1828–1875),5,5,0.855156,"They had [five] children :"
Q71633,https://en.wikipedia.org/wiki/Hanna_Neumann,5,5,0.845886,"Four of her [five] children became mathematicians including Peter_M._Neumann ."
Q435755,https://en.wikipedia.org/wiki/Tudor_Arghezi,3,5,0.185627,"In 1904 , he and Vasile_Demetrius published their own magazine , Linia_Dreapt? , which ceased to exist after only [five] issues ."
Q1392368,https://en.wikipedia.org/wiki/Ferdynand%20Ruszczyc,0,0,0.0,""
Q3806921,https://en.wikipedia.org/wiki/Jan_Philip_van_Thielen,9,9,0.906235,"Van_Thielen and his wife had [9] children ."
Q455766,https://en.wikipedia.org/wiki/Johann_Rudolf_Zumsteeg,7,7,0.757252,"In 1783 , Zumsteeg married Luise_Andreae with whom he had [seven] children ."
Q469701,https://en.wikipedia.org/wiki/Livia,2,3,0.859572,"Drusus was 1 trusted general and married Augustus 's favourite niece , Antonia_Minor , and had [three] children : the popular general Germanicus , Livilla , and the future emperor Claudius ."
Q237358,https://en.wikipedia.org/wiki/Infanta_Maria_Theresa_of_Portugal,2,2,0.175847,"Despite providing him with [two] daughters Archduchess Maria_Annunziata of Austria -LRB- 1876 -- 1961 -RRB- and Archduchess Elisabeth_Amalie of Austria -LRB- 1878 -- 1960 -RRB- , the marriage was 1 unhappy one due to her husband 's bullying and tormenting of her ."
Q10501,https://en.wikipedia.org/wiki/Nigel_Mansell,3,2,0.687054,"1 serious qualifying accident at Suzuka in Japan for the penultimate race of the season severely injured Mansell 's back -LRB- 1 spinal concussion -RRB- , and as 1 result of Mansell 's absence from the remaining two races , Piquet became champion for the third time even though he failed to score any points in these [two] remaining races ."
Q62317,https://en.wikipedia.org/wiki/Gottfried_Kirch,2,3,0.155225,"He introduced [three] new constellations , the ? Globus cruciger ? -LRB- ? Reichsapfel '' -RRB- , the ? Electoral Sword ? -LRB- ? Kurf�rstliches Schwert ? -RRB- and the Sceptre of Brandenburg , which however were not recognized and adopted by the International Astronomical Union -LRB- IAU -RRB- ."
Q7183431,https://en.wikipedia.org/wiki/Philip_Dawe,6,6,0.782104,"He was married to Jane and they had [6] children , 3 of whom also became artists : George_Dawe , Henry_Edward_Dawe and James_Philip_Dawe ."
Q235250,https://en.wikipedia.org/wiki/Æthelflæd,1,1,0.554496,"In 904 Bishop Werferth granted [1] lease of land in the city to �thelred and �thelfl�d , to be held for the duration of their lives and that of their daughter �lfwynn ."
Q517791,https://en.wikipedia.org/wiki/Margaret_Roper,5,5,0.855156,"They had [five] children : Elizabeth -LRB- 1523 -- 60 -RRB- , Margaret -LRB- 1526 -- 88 -RRB- , Thomas -LRB- 1533 -- 98 -RRB- , Mary -LRB- d. 1572 -RRB- , and Anthony -LRB- 1544 -- 1597 -RRB- ."
Q564282,https://en.wikipedia.org/wiki/King_Huiwen_of_Qin,11,6,0.245622,"The strategist Su_Qin , 1 student of Guiguzi , managed to persuade the other [six] major states to form 1 alliance to deal with Qin ."
Q3194080,https://en.wikipedia.org/wiki/Kathleen_Lockhart,1,0,0.0,""
Q85145,https://en.wikipedia.org/wiki/Rudolph_Schildkraut,1,0,0.0,""
Q115643,https://en.wikipedia.org/wiki/Émil_Goeldi,1,2,0.292343,"Against the destruction of white herons and red ibises on the lower Amazon , especially on the Island of Maraj� -LRB- [2] ed . -RRB-"
Q259703,https://en.wikipedia.org/wiki/Amy_Yasbeck,1,2,0.251291,"She has guest starred in various television shows and co-starred in films such as House II : The Second Story , Pretty Woman , Problem Child , Problem Child [2] , The Mask , Robin_Hood : Men in Tights and Dracula : Dead and Loving It ."
Q438195,https://en.wikipedia.org/wiki/Emil_Viklický,1,60,0.162671,"Emil_Viklicky [60] -LRB- Multisonic 2009 -RRB-"
Q527146,https://en.wikipedia.org/wiki/Margaret_Forster,3,3,0.811313,"The couple had [three] children , 1 son and two daughters ; Caitlin_Davies is 1 author and journalist ."
Q647445,https://en.wikipedia.org/wiki/Hugues_Panassié,1,0,0.0,""
Q4718348,https://en.wikipedia.org/wiki/Alexander_Bening,2,2,0.558058,"Bening had [two] sons : Simon_Bening , who was trained in his father 's craft , and Paul_Bening , whose profession is unknown ."
Q1729384,https://en.wikipedia.org/wiki/K._Asif,6,0,0.0,""
Q1872168,https://en.wikipedia.org/wiki/Louise_Juliane_of_Erbach,6,6,0.802502,"From her marriage to Ernest , Count of Sayn-Wittgenstein-Sayn -LRB- 26 August 1594 -- 22 May 1632 -RRB- , she had [six] children :"
Q2058876,https://en.wikipedia.org/wiki/Yuya_Uchida_(entertainer),1,3,0.531485,"Yuya is the grandfather to [three] children by his daughter ."
Q2246813,https://en.wikipedia.org/wiki/Princess_Elisabeth_of_Luxembourg_(1901–1950),2,5,0.7821,"They have [five] children , sixteen grandchildren and three great-grandchildren"
Q285549,https://en.wikipedia.org/wiki/Bianca_Jagger,1,3,0.311628,"They divorced when Bianca was ten and she stayed with her mother , who had to take care of [three] children on 1 small income ."
Q1147417,https://en.wikipedia.org/wiki/Simonetta_Stefanelli,3,3,0.688499,"They had [three] children together , including actress Violante_Placido , and they divorced in 1994 ."
Q1442192,https://en.wikipedia.org/wiki/Paquirri,3,2,0.356586,"He was first married to Carmen_Ord��ez , with whom he had [two] sons , Cayetano_Rivera_Ord��ez and Francisco_Rivera_Ord��ez ."
Q7492,https://en.wikipedia.org/wiki/Emperor_Xiaozong_of_Song,5,0,0.0,""
Q503850,https://en.wikipedia.org/wiki/Kamal_Jumblatt,1,0,0.0,""
Q7183734,https://en.wikipedia.org/wiki/Philip_Hinchcliffe,1,3,0.228709,"While the BBC publicly defended the programme , after [three] seasons Hinchcliffe was moved onto the adult police thriller series Target in 1977 , and his replacement Graham_Williams , who had created Target , was specifically instructed to lighten the tone of the storylines and reduce violence ."
Q469830,https://en.wikipedia.org/wiki/Gertrude_of_Sulzbach,2,2,0.574391,"De Fundatoribus Monasterii Diessenses contains 1 rather confused genealogy concerning her [two] most prominent daughters ."
Q67413,https://en.wikipedia.org/wiki/Eduard_Joseph_d'Alton,1,0,0.0,""
Q463940,https://en.wikipedia.org/wiki/Nakayama_Yoshiko,1,0,0.0,""
Q1738852,https://en.wikipedia.org/wiki/Kenneth_Cope,3,3,0.836845,"They have [three] children ."
Q2230153,https://en.wikipedia.org/wiki/Princess_Catherine_of_Württemberg,1,1,0.476782,"As the marriage seemingly predicted , they had [one] son , who would eventually succeed her childless brother Charles as King of W�rttemberg :"
Q3144895,https://en.wikipedia.org/wiki/Hélène_van_Zuylen,2,2,0.565629,"They had [two] sons ."
Q86085,https://en.wikipedia.org/wiki/Adolf%20Lorenz,0,0,0.0,""
Q392653,https://en.wikipedia.org/wiki/Isaac_Komnenos_(son_of_Alexios_I),4,1,0.190431,"Isaac_Komnenos was married to Irene , who may have been either 1 daughter of Volodar of Peremyshl or Kata , [1] daughter of David IV of Georgia ."
Q1380645,https://en.wikipedia.org/wiki/Pyotr_Andreyevich_Tolstoy,2,2,0.347921,"His wife was Solomonic Timofeevna_Dubrovskaya born 1660 and died 1722 ; he had [two] sons with her , Ivan -LRB- born 1685 -RRB- and Peter -LRB- born 1680 -RRB- ."
Q3508117,https://en.wikipedia.org/wiki/Dana_Medřická,1,0,0.0,""
Q263949,https://en.wikipedia.org/wiki/Natalie_of_Serbia,2,2,0.376463,"She had [two] sons with him , the future king Alexander , born 1876 , whose godfather was Tsar_Alexander_II of Russia , and his younger brother Sergei_-LRB-_Sergej_-RRB- , who died just 1 few days after his birth in 1878 ."
Q3161760,https://en.wikipedia.org/wiki/Jan_Stenbeck,4,0,0.0,""
Q4347931,https://en.wikipedia.org/wiki/Signe_Hammarsten-Jansson,3,3,0.836599,"The couple had [three] children in total : Tove_Jansson , Lars_Jansson and Per Olov_Jansson ."
Q5515663,https://en.wikipedia.org/wiki/Gabriel_Gustafsson_Oxenstierna,7,7,0.571056,"M�rta gave birth to [seven] children , two of which died at 1 early age ."
Q272321,https://en.wikipedia.org/wiki/He_Zizhen,6,3,0.441657,"He Zizhen had [three] daughters and three sons with Mao_Zedong , but except for their daughter , Li_Min , all of them either died young or were separated from the family ."
Q2594607,https://en.wikipedia.org/wiki/Rogvolod_Vseslavich,3,0,0.0,""
Q3487816,https://en.wikipedia.org/wiki/Kunigunde_of_Poland,5,5,0.631338,"Bernard died in 1326 and left Kunigunde as 1 widow , their with [five] children ."
Q453505,https://en.wikipedia.org/wiki/Kenwa_Mabuni,2,0,0.0,""
Q935131,https://en.wikipedia.org/wiki/Jacob_de_Witt,2,1,0.282058,"He was 1 member of the States of Holland and [1] opponent of William_II , Prince of Orange , stadtholder of Holland and four other provinces ."
Q3081811,https://en.wikipedia.org/wiki/Francisco_Bouligny,4,4,0.782101,"They had [four] children , including Charles_Dominique_Joseph_Bouligny who was elected by the legislature to the U.S. Senate in the 1820s ."
Q271520,https://en.wikipedia.org/wiki/Elizabeth_Granowska,5,5,0.744315,"It is believed that Elizabeth had [five] children with Wincenty_Granowski :"
Q6137372,https://en.wikipedia.org/wiki/James_Kinnier_Wilson,0,338,0.102433,"Studia Etanaica : new texts and discussions , Alter Orient und Altes Testament , Band [338] -LRB- Ugarit-Verlag , M�nster , 2007 -RRB-"
Q2533394,https://en.wikipedia.org/wiki/Ivan_Yakovlev_(educator),1,0,0.0,""
Q1056851,https://en.wikipedia.org/wiki/Cesare_I_Gonzaga,2,1,0.15193,"Cesare_Gonzaga was also [1] member of the Academy of the Vatican Nights , which met in the Casina Pio IV in the Vatican ."
Q3358782,https://en.wikipedia.org/wiki/Barbro_Holmberg,3,3,0.624257,"Her marriage to radio journalist Thomas_Nordegren produced [three] children : one son , Axel and 2 daughters Elin and Josefin ."
Q4571729,https://en.wikipedia.org/wiki/Thorvald_Astrup,1,0,0.0,""
Q444839,https://en.wikipedia.org/wiki/Gyula_Zsengellér,1,5,0.146446,"He was the Hungarian league 's top-scorer in [five] seasons : 1938 , 1939 , 1943 , 1944 and in the spring season of 1945 ."
Q4013965,https://en.wikipedia.org/wiki/Virginia_Bourbon_del_Monte,7,7,0.845165,"Meanwhile , Virginia had to face 1 tough confrontation with her father-in-law , who tried to claim parental authority over her [seven] children by all means after finding out that the two lovers were about to get married ."
Q661273,https://en.wikipedia.org/wiki/Ottokar_II_of_Styria,3,3,0.859572,"Ottokar_II was married in 1090 to Elisabeth , daughter of Leopold_II of Austria and Ida of Formbach-Ratelnberg , and had [three] children :"
Q3852035,https://en.wikipedia.org/wiki/Phương_Mai,2,2,0.782098,"On 5 August 1971 , in Paris , France , Princess Ph??ng_Mai married Pietro_Badoglio , 2nd Duke of Addis Abeba and Marquess of Sabotino ; they had [two] children , 1 son and 1 daughter :"
Q925205,https://en.wikipedia.org/wiki/Guy_I_de_la_Roche,6,1,0.356586,"William -LRB- died 1287 -RRB- , Duke of Athens , married Helena_Angelina_Comnena , by whom he had [one] son , Guy_II , Duke of Athens ."
Q1397516,https://en.wikipedia.org/wiki/Wichmann_the_Elder,4,0,0.0,""
Q19299804,https://en.wikipedia.org/wiki/Joan_Roca_i_Caball,7,2,0.843578,"In late 1940 , already after the city had been occupied by the Germans , his wife and [two] children transferred to Spain ."
Q964403,https://en.wikipedia.org/wiki/Daniel_Ducarme,1,0,0.0,""
Q1564853,https://en.wikipedia.org/wiki/Hrvoje_Požar,1,0,0.0,""
Q3706312,https://en.wikipedia.org/wiki/Devlet_Hatun,4,2,0.102477,"The tomb of Devlet_Hatun stands alone in Bursa neighbourhoods separate from the mosque complexes that contained the tombs of the sultans and other mbers of the dynasty , following [two] royal mothers , Nil�fer_Hatun and G�l�i�ek_Hatun ."
Q258452,https://en.wikipedia.org/wiki/Pinedjem_II,7,4,0.782169,"By Neskhons he had [four] children : two sons , Tjanefer and Masaharta , and two daughters , Itawy and Nesitanebetashru ."
Q3001995,https://en.wikipedia.org/wiki/Theodore_van_Houten,2,0,0.0,""
Q3507230,https://en.wikipedia.org/wiki/Andrzej_Hławiczka,3,0,0.0,""
Q6376323,https://en.wikipedia.org/wiki/Katherine_Cassavetes,1,0,0.0,""
Q7273895,https://en.wikipedia.org/wiki/R._P._Goenka,2,2,0.356584,"He had [two] sons , elder Harshvardhan and younger Sanjiv ."
Q18221696,https://en.wikipedia.org/wiki/Michel_Besnier,3,2,0.476778,"They had [two] sons , Emmanuel and Jean-Michel , and 1 daughter , Marie ."
Q311149,https://en.wikipedia.org/wiki/Orestes_(father_of_Romulus_Augustulus),1,1,0.112797,"After Pannonia was ceded to Attila the Hun , Orestes joined Attila 's court , reaching high position as [1] secretary -LRB- notarius -RRB- in 449 and 452 ."
Q313237,https://en.wikipedia.org/wiki/Amaziah_of_Judah,1,1,0.182969,"He was commanded by [1] unnamed prophet to send back the mercenaries , to whom he acquiesced -LRB- 2 Chronicles 25:7 -- 10 , 13 -RRB- , much to the annoyance of the mercenaries ."
Q335117,https://en.wikipedia.org/wiki/Aquila%20of%20Sinope,0,1,0.124096,"Aquilas then said to him , ` Even the wisest man in your kingdom , and [1] elder who is aged one-hundred , can not study their Divine Law if he is not circumcised , for thus is it written : He makes known his words unto Jacob , even his precepts and judgments unto Israel ."
Q500739,https://en.wikipedia.org/wiki/Cecrops_I,3,3,0.677025,"Cecrops was the father of [three] daughters : Herse , Pandrosus and Aglaurus ."
Q2994965,https://en.wikipedia.org/wiki/Constantin_Denis_Bourbaki,1,0,0.0,""
Q3790523,https://en.wikipedia.org/wiki/Clay_Matthews_Jr.,2,1,0.203788,"Matthews was one of the first players to negotiate [1] large contract going into the NFL ."
Q5451126,https://en.wikipedia.org/wiki/Fiona_Walker,2,0,0.0,""
Q5549650,https://en.wikipedia.org/wiki/Gerald_W._Abrams,2,2,0.855155,"They have [two] children : director-producer-screenwriter J._J._Abrams , and Tracy_Rosen , 1 screenwriter who has written TV movies and for series television ."
Q8012191,https://en.wikipedia.org/wiki/William_Henry_Toms,1,0,0.0,""
Q543564,https://en.wikipedia.org/wiki/Solomonia_Saburova,0,1,0.128608,"She was then moved to the Intercession Monastery in Suzdal , one of the many votive churches commissioned by Vasily and his wife in supplication for the birth of [1] heir ."
Q2777768,https://en.wikipedia.org/wiki/Carlos_María_Morales,1,7,0.268871,"Morales made [seven] appearances for the senior Uruguay national football team during 2001 ."
Q5386488,https://en.wikipedia.org/wiki/Eric_Fitzgibbon,1,0,0.0,""
Q5721098,https://en.wikipedia.org/wiki/Henry_Fane_of_Brympton,4,1,0.509748,"Henry and Anne had [one] daughter , Mary -LRB- died October 1773 -RRB- ."
Q6144813,https://en.wikipedia.org/wiki/James_W._Husted_(speaker),4,4,0.312521,"The younger James became 1 politician like his father , eventually elected to [four] successive terms as 1 US Congressman from New York ."
Q970357,https://en.wikipedia.org/wiki/Susana_Trimarco,1,7,0.151337,"In December 2012 , [seven] men and six women were charged with Marita 's kidnapping , but acquitted in 1 Tucuman criminal court ."
Q2170755,https://en.wikipedia.org/wiki/William_Bertrand_of_Provence,1,0,0.0,""
Q3972327,https://en.wikipedia.org/wiki/James_Laidlaw_Maxwell,2,2,0.476778,"They had [two] sons , John_Preston and James_Laidlaw_Jnr , both of whom later also became medical missionaries ."
Q4681891,https://en.wikipedia.org/wiki/Adele_Khoury_Graham,4,4,0.626799,"In all , the Grahams have [four] children and 11 grandchildren ."
Q5343494,https://en.wikipedia.org/wiki/Edward_Holyoke,1,0,0.0,""
Q1257863,https://en.wikipedia.org/wiki/David_in_Islam,1,16,0.377902,"Mentioned [sixteen] times in the Quran , David appears in the Islamic scripture as 1 link in the chain of prophets who preceded Muhammad ."
Q2986223,https://en.wikipedia.org/wiki/Lê_Thái_Tông,3,0,0.0,""
Q16873168,https://en.wikipedia.org/wiki/Ndvungunye,13,0,0.0,""
Q20760743,https://en.wikipedia.org/wiki/Lilla_Vanston,1,1,0.596539,"The couple had [one] daughter , Dairine , who would also go on to become 1 artist ."
Q1078688,https://en.wikipedia.org/wiki/Christian_of_Thuringia,2,0,0.0,""
Q2745179,https://en.wikipedia.org/wiki/Ednyfed_Fychan,13,3,0.294172,"Tudur Fychan ap Goronwy , Rhaglaw of Dindaethwy , of Trecastell -LRB- and Penrhyn -RRB- , acceded to the Friary , Bangor , on 13 September 1337 -LRB- c. 1310 -- 19 September 1367 , bur Bangor -RRB- , married firstly Mallt ferch Madog , -LRB- of Penllyn -RRB- , and had seven or eight children , and married secondly Margred ferch Tomas , of Ceredigion , and had two or [three] children :"
Q5620271,https://en.wikipedia.org/wiki/Gurram_Jashuva,1,15,0.310037,"His enormous love and respect for Gandhiji is poignantly expressed in these [15] odd poems eulogising his life and work and lamenting his death as this country 's misfortune ."
Q888823,https://en.wikipedia.org/wiki/Guy_André_Pierre_de_Montmorency-Laval,1,0,0.0,""
Q1405240,https://en.wikipedia.org/wiki/Waltheof_of_Bamburgh,0,0,0.0,""
Q1417640,https://en.wikipedia.org/wiki/War_Admiral,0,6,0.222803,"They were bred together [six] times , producing five undistinguished fillies and one LatinGreek_Triple_3 Crown winner ."
Q4529990,https://en.wikipedia.org/wiki/Ida_de_Tosny,8,1,0.499354,"Many historians , including Marc_Morris have speculated that the couple had [1] third daughter , Alice , who married Aubrey de Vere IV , 2nd Earl of Oxford as his second wife ."
Q5989710,https://en.wikipedia.org/wiki/Idris_Shah_II_of_Perak,6,1,0.14974,"He was succeeded by his first nephew [1] time removed , Raja_Azlan_Shah ."
Q297765,https://en.wikipedia.org/wiki/Christy_Walton,1,3,0.169636,"Tallant was arrested and charged with [three] counts of breaching health and safety laws ."
Q1469721,https://en.wikipedia.org/wiki/Gaius%20Helen%20Mohiam,0,1,0.462448,"Mohiam also has [1] major role in the Prelude to Dune prequel LatinGreek_trilogy_3 -LRB- 1999 -- 2001 -RRB- by Brian_Herbert and Kevin_J._Anderson ."
Q4693147,https://en.wikipedia.org/wiki/Agnes_of_Faucigny,1,1,0.159841,"Originally intending to give [1] third of her inheritance to her daughter Beatrice and two thirds to her husband Peter , Agnes instead named her daughter as the sole heir to her lands in Faucigny , together with her daughter 's husband the Dauphin de Viennois ."
Q6017678,https://en.wikipedia.org/wiki/Inder_Raj_Anand,2,0,0.0,""
Q19911754,https://en.wikipedia.org/wiki/Francis_Bevan,4,3,0.104368,"He was married and widowed [three] times ."
Q381459,https://en.wikipedia.org/wiki/Agave_(mythology),0,0,0.0,""
Q621376,https://en.wikipedia.org/wiki/Xiong_Kang,2,0,0.0,""
Q4532603,https://en.wikipedia.org/wiki/Hur_Nam-sik,1,0,0.0,""
Q7047269,https://en.wikipedia.org/wiki/Noel_Wood,2,2,0.41197,"He married Eleanor_Weld_Skipper , whom he met at art school , and fathered [two] daughters , Virginia_Maray and Ann_Oenone ."
Q15130018,https://en.wikipedia.org/wiki/Grace_Crowfoot,4,3,0.321109,"In 1909 she married John_Winter_Crowfoot , who was the Assistant Director of Education in Sudan and they lived in Cairo where had [three] daughters ."
Q18619134,https://en.wikipedia.org/wiki/Marilyn_Ziering,4,2,0.453693,"The couple had [two] sons and two daughters : Michael_Ziering , Ira_Ziering , Rosanne_Ziering , Amy_Ziering ."
Q3154783,https://en.wikipedia.org/wiki/Isaac_Wilkinson,7,7,0.766499,"In 1727 he married Mary_Johnson -LRB- died 1786 -RRB- and they had [seven] children including :"
Q272200,https://en.wikipedia.org/wiki/Æthelmund,1,0,0.0,""
Q847745,https://en.wikipedia.org/wiki/Lu_Lun,0,1,0.309601,"Lu_Lun -LRB- traditional Chinese : ?? ; simplified Chinese : ?? ; pinyin : L� L�n , 739-799 -RRB- was 1 Chinese poet of the Middle Tang Dynasty , with six of his poems being included in the famous anthology Three Hundred Tang Poems , as well as being mentioned in [one] poem , by Sikong_Shu , which was translated by Witter_Bynner as `` When Lu_Lun My Cousin Comes For The Night '' ."
Q4666095,https://en.wikipedia.org/wiki/Abdullah_bin_Abdul-Rahman,0,0,0.0,""
Q4786802,https://en.wikipedia.org/wiki/Archie_Stirling,2,1,0.782102,"They have [one] child , David ."
Q7180681,https://en.wikipedia.org/wiki/Pharamond_II,0,399,0.115922,"Pharamond went on to sire thirty-five stakes winners from [399] foals of which three were champions and multiple stakes winners such as Athenia -LRB- 1943 -RRB- , Creole Maid -LRB- 1935 -RRB- , Cosmic Bomb -LRB- 1944 , sire -RRB- , High Glee -LRB- 1931 -RRB- , King Cole -LRB- 1938 , won Withers Stakes -RRB- , Lithe -LRB- 1946 -RRB- , and Whopper -LRB- 1932 -RRB- ."
Q4708856,https://en.wikipedia.org/wiki/Alauddin_al-Kahar,5,5,0.558054,"According to the relatively trustworthy chronicle Bustanus_Salatin , Alauddin had [five] sons :"
Q17004191,https://en.wikipedia.org/wiki/Meyliservet_Kadınefendi,1,2,0.701493,"After remaining in Italy for more than eight years , the [two] sisters returned to Istanbul where they lived 1 lonely life ."
Q1069286,https://en.wikipedia.org/wiki/Xin_Pi,0,0,0.0,""
Q7441703,https://en.wikipedia.org/wiki/Searching_(horse),0,8,0.236611,"As 1 broodmare , Searching produced [eight] foals , seven of them winners , and three stakes winners , including Admiring and Priceless Gem ."
Q7933493,https://en.wikipedia.org/wiki/Vipin_Reshammiya,2,2,0.476782,"Vipin is married to Madhu and they have [two] sons , Jayesh and Himesh ."
Q19661203,https://en.wikipedia.org/wiki/Yasho_Brahma_Shah,2,0,0.0,""
Q41418,https://en.wikipedia.org/wiki/Petras%20Jonaitis%20Mantigirdaitis,0,2,0.22271,"Mantigirdaitis was married [2] times ."
Q5349023,https://en.wikipedia.org/wiki/Eight_Thirty,0,1,0.161348,"Widener is one of only five people ever named [1] Exemplar of Racing ."
Q15707067,https://en.wikipedia.org/wiki/Ilanaga_of_Anuradhapura,0,0,0.0,""
Q4667238,https://en.wikipedia.org/wiki/Empress_Dowager_Xiaoding,1,0,0.0,""
Q12516074,https://en.wikipedia.org/wiki/Isyana_Tunggawijaya,1,0,0.0,""
Q7207,https://en.wikipedia.org/wiki/Elizabeth%20I%20of%20England,0,1,0.335276,"She proposed [1] alliance , something which she had refused to do when offered one by Feodor 's father , but was turned down ."
Q348466,https://en.wikipedia.org/wiki/Tokugawa%20Iemochi,0,1,0.281288,"He is parodied in the manga and anime series Gin_Tama as `` Tokugawa Shige-Shige '' -LRB- ?? ?? -RRB- , with [1] name based on Tokugawa_Ieshige ."
Q357046,https://en.wikipedia.org/wiki/Emperor%20Rokuj%C5%8D,0,0,0.0,""
Q357273,https://en.wikipedia.org/wiki/Emperor%20Seinei,0,0,0.0,""
Q336776,https://en.wikipedia.org/wiki/David%20Carnegie%2C%2011th%20Earl%20of%20Northesk,0,0,0.0,""
Q374020,https://en.wikipedia.org/wiki/Emperor%20Shij%C5%8D,0,0,0.0,""
Q9200,https://en.wikipedia.org/wiki/Paul%20the%20Apostle,0,2,0.445373,"-LSB- Acts 16:37 -RSB- -LSB- 22:25 -28 -RSB- It was quite usual for the Jews of that time to have [two] names , one Hebrew , the other Latin or Greek ."
Q7227,https://en.wikipedia.org/wiki/Emperor%20Zhao%20of%20Han,0,1,0.720569,"Emperor Wu was ecstatic in having [1] child at his advanced age -LRB- 62 -RRB- , and because Consort_Zhao purportedly had 1 pregnancy that lasted 14 months long -- the same length as the mythical Emperor Yao -- he named Consort_Zhao 's palace gate `` Gate of Yao 's Mother . ''"
Q7301,https://en.wikipedia.org/wiki/Prince%20of%20Hongnong,0,1,0.331761,"In autumn 189 , Yuan_Shao suggested to He Jin that the eunuchs be slaughtered -- 1 proposal that Empress He immediately rejected , as the plan would have required that Empress He interact with normal men on 1 regular basis , [1] requirement that she found offensive and immodest ."
Q379889,https://en.wikipedia.org/wiki/Iyasu%20V,0,1,0.452679,", daughter of Wang_Yu -LRB- ?? -RRB- and Princess Tong ` 1 -LRB- ???? -RRB- , full-sister of Li_Yuan , thus [1] niece of Li_Yuan"
Q447831,https://en.wikipedia.org/wiki/Andrey%20Lyapchev,0,3,0.318856,"Andrey_Tasev_Lyapchev -LRB- Tarpov -RRB- -LRB- Bulgarian : ?????? ????? ?????? -LRB- T????? -RRB- -RRB- -LRB- 30 November 1866 -- 6 November 1933 -RRB- was 1 Bulgarian Prime Minister in [three] consecutive governments ."
Q450675,https://en.wikipedia.org/wiki/Pope%20Francis,0,1,0.478984,"It is the first time since Pope Lando 's 913 -- 914 reign that 1 serving pope holds 1 name not used by [1] predecessor ."
Q28530,https://en.wikipedia.org/wiki/William%20II%2C%20Count%20of%20Flanders,0,0,0.0,""
Q11891,https://en.wikipedia.org/wiki/James%20K.%20Polk,0,1,0.457098,"Though Polk respected Buchanan 's opinion and Buchanan played [1] important role in Polk 's presidency , the two frequently clashed over foreign policy and appointments ."
Q41919,https://en.wikipedia.org/wiki/George%20Frederick%2C%20Margrave%20of%20Brandenburg-Ansbach,0,0,0.0,""
Q41866,https://en.wikipedia.org/wiki/Justinian%20I,0,1,0.37339,"In order to protect the manufacture of silk products , Justinian granted [1] monopoly to the imperial factories in 541 ."
Q37122,https://en.wikipedia.org/wiki/Athena,0,1,0.519362,"Classical myths thereafter note that Hera was so annoyed at Zeus for having produced [1] child that she conceived and bore Hephaestus by herself , but in Imagines 2 ."
Q479934,https://en.wikipedia.org/wiki/Jan%20II%20the%20Good,0,1,0.313474,"This represented [1] territory the size of 12,000 kilometers ."
Q702231,https://en.wikipedia.org/wiki/Liu%20Ruyi,0,0,0.0,""
Q508338,https://en.wikipedia.org/wiki/Luca%20Zaia,0,20,0.108436,"The election was 1 triumph for the LV , which was by far the largest party in the region with 35.2 % of the vote , up from 14.7 % of five years before , and got [20] seats in the Regional Council , up from 11 ."
Q559539,https://en.wikipedia.org/wiki/William%20Iron%20Arm,0,12,0.341021,"One of [twelve] sons of Tancred of Hauteville , he journeyed to the Mezzogiorno with his younger brother Drogo in the first half of the eleventh century -LRB- c. 1035 -RRB- , in response to requests for help made by fellow Normans under Rainulf_Drengot , count of Aversa ."
Q1150358,https://en.wikipedia.org/wiki/Empress%20Dowager%20Ci%27an,0,8,0.269867,"In November 1861 , with aid from Yixin_-LRB- Prince Gong_-RRB- , the Xianfeng_Emperor 's sixth brother , Lady Niohuru and Noble Consort Yi staged 1 coup -- historically known as the Xinyou Coup -- against the [eight] regents and ousted them from power , thereby securing control of the regency ."
Q104226,https://en.wikipedia.org/wiki/Rosine%20Elisabeth%20Menthe,0,0,0.0,""
Q83331,https://en.wikipedia.org/wiki/Louis%20de%20Broglie,0,2,0.377751,"-LCB- \ displaystyle mc ^ -LCB- [2] -RCB- = h \ nu -RCB-"
Q114031,https://en.wikipedia.org/wiki/Heinrich%20Gross,0,9,0.377335,"Heinrich_Gross -LRB- 14 November 1915 -- 15 December 2005 -RRB- was 1 Austrian psychiatrist , medical doctor and neurologist , 1 reputed expert as 1 leading court-appointed psychiatrist , ill-famed for his proven involvement in the killing of at least [nine] children with physical , mental and/or emotional/behavioral characteristics considered `` unclean '' by the Nazi regime , under its Euthanasia Program ."
Q74268,https://en.wikipedia.org/wiki/Bernhard%20Vogel%20%28politician%29,0,0,0.0,""
Q51720,https://en.wikipedia.org/wiki/Tancred%2C%20Prince%20of%20Galilee,0,1,0.116847,"Tancred also appears as one of the Crusade leaders in Sir Walter_Scott 's novel ` Count Robert of Paris ' who returned to Constantinople from Scutari to ensure [1] fair contest between Count Robert and his challenger ."
Q80261,https://en.wikipedia.org/wiki/Mary%20Percy%2C%20Countess%20of%20Northumberland,0,0,0.0,""
Q65695,https://en.wikipedia.org/wiki/Alexander%20Karl%2C%20Duke%20of%20Anhalt-Bernburg,0,1,0.580277,"In Gottorp on 30 October 1834 Alexander_Karl married Princess Friederike of Schleswig-Holstein-Sonderburg-Gl�cksburg , daughter of Frederick_William , Duke of Schleswig-Holstein-Sonderburg-Gl�cksburg and his wife Princess Louise_Caroline of Hesse-Kassel ; she was also [1] sister of the later King Christian IX of Denmark ."
Q68377,https://en.wikipedia.org/wiki/Philip%20II%2C%20Landgrave%20of%20Hesse-Rheinfels,0,4,0.361369,"After his father 's death in 1567 , the Landgraviate of Hesse was divided between the [four] sons out of the late landgrave 's first marriage ."
Q74145,https://en.wikipedia.org/wiki/Princess%20Karoline%20Amalie%20of%20Hesse-Kassel,0,0,0.0,""
Q81833,https://en.wikipedia.org/wiki/Alfonso%20the%20Battler,0,3,0.187235,"The testament of Alfonso leaving his kingdom to the [three] orders was dismissed out of hand by the nobility of his kingdoms , and possible successors were sought ."
Q1254019,https://en.wikipedia.org/wiki/Anne%20de%20La%20Tour%20d%27Auvergne,0,0,0.0,""
Q1635226,https://en.wikipedia.org/wiki/Hugh%20II%20of%20Jaffa,0,1,0.462448,"Mohiam also has [1] major role in the Prelude to Dune prequel LatinGreek_trilogy_3 -LRB- 1999 -- 2001 -RRB- by Brian_Herbert and Kevin_J._Anderson ."
Q2012697,https://en.wikipedia.org/wiki/Alexander%2C%20Prince%20of%20Scotland,0,2,0.212523,"The ensuing succession crisis brought Scotland under the control of England and resulting in 1 war between the [two] countries ."
Q2425582,https://en.wikipedia.org/wiki/Haleth,0,2,0.862254,"The remnant was gathered under one Haldad and his [2] children , daughter Haleth and son Haldar ; and they held out for days in 1 stockade until the Noldor rescued them , by which time both Haldad and Haldar were slain ."
Q1406925,https://en.wikipedia.org/wiki/C%C3%A9cile%20Sorel,0,0,0.0,""
Q2028843,https://en.wikipedia.org/wiki/Anna%20of%20Moscow,0,0,0.0,""
Q120564,https://en.wikipedia.org/wiki/Empress%20Meish%C5%8D,0,61,0.110582,"1640 -LRB- Kanei 17 -RRB- : 1 Spanish ship from Macau brought 1 delegation of [61] people to Nagasaki ."
Q151781,https://en.wikipedia.org/wiki/Ivan%20VI%20of%20Russia,0,1,0.193423,"Although they were prisoners they lived in relative comfort and retained [1] small `` court '' of forty to fifty people , all Danes except for the priest ."
Q185152,https://en.wikipedia.org/wiki/Puyi,0,2,0.574482,"She later married 1 technician , and had [two] sons ."
Q235343,https://en.wikipedia.org/wiki/Empress%20Gensh%C5%8D,0,3,0.45192,"Under this act , people were allowed to possess 1 newly cultivated field 1 time every [three] generations ."
Q232955,https://en.wikipedia.org/wiki/Empress%20K%C5%8Dken,0,5,0.206459,"The [five] female LatinGreek_monarchs_1 before K?ken / Sh?toku were -LRB- 1 -RRB- Suiko , -LRB- b -RRB- K?gyoku / Saimei , -LRB- c -RRB- Jit? , -LRB- d -RRB- Genmei , and -LRB- e -RRB- Gensh? ; and the two women sovereigns reigning after K?ken / Sh?toku were -LRB- f -RRB- Meish? , and -LRB- g -RRB- Go-Sakuramachi ."
Q230525,https://en.wikipedia.org/wiki/Empress%20Go-Sakuramachi,0,4,0.274137,"Also enshrined in this location are this empress 's immediate Imperial predecessors since Emperor Go-Mizunoo -- Meish? , Go-K?my? , Go-Sai , Reigen , Higashiyama , Nakamikado , Sakuramachi and Momozono , along with her [four] immediate successors -- Go-Momozono , K?kaku , Nink? , and K?mei ."
Q3200733,https://en.wikipedia.org/wiki/Conrad%20Theodor%20van%20Deventer,0,1,0.166879,"He also wrote [1] series of four articles , called `` Het Wilhelmus als Nederlands Volkslied '' -LRB- the Wilhelmus as the Dutch national anthem -RRB- , for the Locomotief that year and gave in the Locomotief his perspective on the Zola trial ."
Q7184745,https://en.wikipedia.org/wiki/Philippa%20of%20Antioch,0,0,0.0,""
Q5286615,https://en.wikipedia.org/wiki/Dobies%C5%82aw%20Kmita,0,0,0.0,""
Q6653873,https://en.wikipedia.org/wiki/Liu%20Yong%20%28Qing%20dynasty%29,0,0,0.0,""
Q3120461,https://en.wikipedia.org/wiki/Guillaume%20de%20Sax,0,0,0.0,""
Q5308880,https://en.wikipedia.org/wiki/Willem%20Anne%20Assueer%20Jacob%20Schimmelpenninck%20van%20der%20Oye,0,1,0.284065,"He had three sisters and [1] younger brother , Alexander_Schimmelpenninck_van_der_Oye , later member of the House of Representatives of the Netherlands ."
Q16322530,https://en.wikipedia.org/wiki/Ingeborg%20W%C3%A6rn%20Bugge,0,0,0.0,""
Q4956710,https://en.wikipedia.org/wiki/Brandir,0,0,0.0,""
Q7981004,https://en.wikipedia.org/wiki/Weligama%20Sri%20Sumangala,0,0,0.0,""
Q241765,https://en.wikipedia.org/wiki/Emperor%20Ankan,0,0,0.0,""
Q311374,https://en.wikipedia.org/wiki/Alexander%20Ovechkin,0,1,0.481379,"[1] childhood friend claims this is one of the reasons Ovechkin is so passionate on the ice ."
Q279693,https://en.wikipedia.org/wiki/Stefan%20Uro%C5%A1%20V,0,0,0.0,""
Q270460,https://en.wikipedia.org/wiki/Olga%20Rozanova,0,0,0.0,""
Q336383,https://en.wikipedia.org/wiki/Tokugawa%20Iesada,0,0,0.0,""
Q323422,https://en.wikipedia.org/wiki/Tokugawa%20Ietsuna,0,1,0.204776,"In 1652 , about 800 ronin led [1] small disturbance on Sado Island , and this was also brutally suppressed ."
Q318811,https://en.wikipedia.org/wiki/Tongzhi%20Emperor,0,1,0.284264,"The traditional Chinese political phrase `` attending audiences behind [1] curtain '' -LRB- ???? ; ???? ; chu� li�n t?ng zh�ng -RRB- was coined to describe Cixi 's rule through her son ."
Q334644,https://en.wikipedia.org/wiki/Emperor%20Buretsu,0,0,0.0,""
Q232101,https://en.wikipedia.org/wiki/Rachael_Leigh_Cook,2,2,0.855161,"They have [two] children : daughter Charlotte_Easton_Gillies -LRB- born September 2013 -RRB- and son Theodore_Vigo_Sullivan_Gillies -LRB- born April 2015 -RRB- ."
Q193368,https://en.wikipedia.org/wiki/Ted_Turner,5,4,0.832599,"Richard and Nerina had [four] children : Ernest , 1 particle physicist and innovator in particle accelerators ; Gertrude -LRB- 1922-2014 -RRB- , 1 PhD biologist and wife of the mathematician J�rgen_Moser -LRB- 1928 -- 1999 -RRB- ; Hans , 1 physicist who participated in the Manhattan Project ; and Leonore -LRB- known as `` Lori , '' 1928-2015 -RRB- , 1 professional violist and wife of the mathematician Jerome_Berkowitz -LRB- 1928 -- 1998 -RRB- ."
Q230512,https://en.wikipedia.org/wiki/Phyllis_Diller,6,2,0.855164,"She married actor Brady_Smith on July 9 , 2005 , and they have [two] children : daughter Harper -LRB- born 2010 -RRB- and son Holt -LRB- born 2015 -RRB- ."
Q816568,https://en.wikipedia.org/wiki/Ben_Miller,3,2,0.351594,"He has [two] younger sisters , Leah and Bronwen ."
Q574033,https://en.wikipedia.org/wiki/Shevah_Weiss,2,0,0.0,""
Q262490,https://en.wikipedia.org/wiki/Kathy_Ireland,3,3,0.785383,"She married physician Greg_Olsen in 1988 , and they have [three] children ; Erik , Lily and Chloe ."
Q4355545,https://en.wikipedia.org/wiki/Ali_Mazrui,5,1,0.239957,"2004 : The African Predicament and the American Experience : [1] Tale of two Edens -LRB- Westport , CT and London : Praeger -RRB- ."
Q982225,https://en.wikipedia.org/wiki/Eamon_Gilmore,3,2,0.418177,"They have lived in Shankill , Dublin since 1979 and have [two] sons and one daughter ."
Q863316,https://en.wikipedia.org/wiki/Fred_DeLuca,1,1,0.166879,"He also wrote [1] series of four articles , called `` Het Wilhelmus als Nederlands Volkslied '' -LRB- the Wilhelmus as the Dutch national anthem -RRB- , for the Locomotief that year and gave in the Locomotief his perspective on the Zola trial ."
Q7174275,https://en.wikipedia.org/wiki/Peter_Goin,2,2,0.348452,"Awards for his work include [two] National Endowment for the Arts Fellowships and at the turn of the new century he was awarded the Governor 's Millennium Award for Excellence in the Arts ."
Q255714,https://en.wikipedia.org/wiki/Ana_Hickmann,1,1,0.119388,"One of the regular guests on her show is magician Mario_Kamia , who performs [1] range of tricks and illusions ."
Q324539,https://en.wikipedia.org/wiki/Sam_Sheppard,1,1,0.452118,"DNA evidence , which was not available in the two murder trials , played [1] important role in the civil trial ."
Q454245,https://en.wikipedia.org/wiki/Alan_Kelly_(politician),2,2,0.814253,"The couple have [two] children ; 1 daughter and 1 son ."
Q1894411,https://en.wikipedia.org/wiki/Marcus_Wallenberg_(born_1956),8,2,0.688499,"They have [two] children together ; he has four children from 1 earlier relationship ."
Q1301476,https://en.wikipedia.org/wiki/Sunil_Mittal,3,2,0.163972,"His father , Sat Paul_Mittal , had been the Member of Parliament , Rajya_Sabha -LRB- Indian National Congress -RRB- from Ludhiana , Punjab , he was elected from Punjab for [two] terms -LRB- 1976 & 1982 -RRB- and nominated to the Rajya Sabha 1 time -LRB- 1988 -RRB- ."
Q13575319,https://en.wikipedia.org/wiki/William_Jasper_Kerr,6,4,0.493288,"He married Leonora_Hamilton in 1885 , and had [four] daughters and two sons ."
Q2442673,https://en.wikipedia.org/wiki/Tony_Killeen,5,5,0.409409,"He is married to Lily_O'Keeffe ; they have [five] sons and live in Kilnaboy , County Clare ."
Q4709994,https://en.wikipedia.org/wiki/Albert_D._Bosson,2,2,0.7821,"They had [two] children , 1 son , Campbell_Bosson , born on November 18 , 1888 , and 1 daughter , Pauline_Arlaud_Bosson , born on February 24 , 1894 ."
Q6779107,https://en.wikipedia.org/wiki/Mary_Bradbury,11,1,0.189819,"In political life [1] member of the General Court when 32 and of the Governor 's Council from 1682-96 , when having reached the age of 50 years he retired to the private life of the farm ."
Q7383878,https://en.wikipedia.org/wiki/Ryan_Bennett_(sportscaster),4,4,0.836845,"They had [four] children ."
Q5524863,https://en.wikipedia.org/wiki/Gary_Cohen,5,5,0.841716,"Cohen is married to Lynn_Cohen and has [five] children ."
Q4719471,https://en.wikipedia.org/wiki/Alexander_MacEwen,5,3,0.368688,"MacEwen had [three] sons and two daughters ."
Q4755023,https://en.wikipedia.org/wiki/Andrea_Coote,3,1,0.285162,"Coote became one of [1] small group of Liberal Legislative Councillors - along with Andrew_Olexander -LRB- since expelled from the parliamentary Liberal Party following 1 drink-driving incident -RRB- , and before they lost their seats at the 2002 election , Peter_Katsambanis and Leonie_Burke - that lobbied for gay-friendly changes in party policy ."
Q5446263,https://en.wikipedia.org/wiki/Fiach_Mac_Conghail,2,2,0.422263,"Mac Conghail has [two] daughters with actress Br�d_N�_Neachtain ."
Q12958427,https://en.wikipedia.org/wiki/Mihael_Zmajlović,2,2,0.757252,"Zmajlovi? is married to Marija_Zmajlovi? with whom he has [two] children ."
Q5085069,https://en.wikipedia.org/wiki/Charlie_Jacobs,3,3,0.811313,"The couple have [three] children , two sons and one daughter ."
Q15052269,https://en.wikipedia.org/wiki/Benjamin_B._Wagner,3,0,0.0,""
Q121033,https://en.wikipedia.org/wiki/Urs_Schwarzenbach,2,2,0.860032,"The couple have [two] children ."
Q3115393,https://en.wikipedia.org/wiki/Grant_Haskin,1,0,0.0,""
Q3385801,https://en.wikipedia.org/wiki/Pierre_Lassonde,3,0,0.0,""
Q6733663,https://en.wikipedia.org/wiki/Mahdi_Al_Tajir,5,5,0.906347,"Al_Tajir is married with [five] children ."
