Q9696,https://en.wikipedia.org/wiki/John_F._Kennedy,4,1,0.37964,"Kennedy spotted [1] Japanese destroyer nearby and attempted to turn to attack , when PT-109 was rammed suddenly at 1 angle and cut in half by the destroyer Amagiri , costing two PT-109 crew members their lives ."
Q295093,https://en.wikipedia.org/wiki/Claude_Lelouch,7,2,0.165364,"Lelouch 's 1 Man and 1 Woman won the Palme d'Or at the 1966 Cannes Film Festival , as well as [two] Oscars including Best Foreign Language Film ."
Q105487,https://en.wikipedia.org/wiki/Maurice_Jarre,3,4,0.318161,"He also won [four] Golden Globes , two BAFTA Awards , and 1 Grammy Award ."
Q7742,https://en.wikipedia.org/wiki/Louis_XIV_of_France,19,3,0.261461,"During Louis ' reign , France was the leading European power , and it fought [three] major wars : the Franco-Dutch War , the War of the League of Augsburg , and the War of the Spanish Succession ."
Q312325,https://en.wikipedia.org/wiki/Ferdinand_I_of_the_Two_Sicilies,17,2,0.162328,"He was deposed [2] times from the throne of Naples : 1 time by the revolutionary Parthenopean Republic for six months in 1799 and again by Napoleon_Bonaparte in 1805 ."
Q3736361,https://en.wikipedia.org/wiki/Ezio_Carabella,1,0,0.0,""
Q35041,https://en.wikipedia.org/wiki/William_McKinley,2,1,0.453104,"Czolgosz concealed his gun in [1] handkerchief , and , when he reached the head of the line , shot McKinley 2 times in the abdomen ."
Q61046,https://en.wikipedia.org/wiki/Richard_Courant,4,4,0.188794,"Richard and Nerina had [four] children : Ernest , 1 particle physicist and innovator in particle accelerators ; Gertrude -LRB- 1922-2014 -RRB- , 1 PhD biologist and wife of the mathematician J�rgen_Moser -LRB- 1928 -- 1999 -RRB- ; Hans , 1 physicist who participated in the Manhattan Project ; and Leonore -LRB- known as `` Lori , '' 1928-2015 -RRB- , 1 professional violist and wife of the mathematician Jerome_Berkowitz -LRB- 1928 -- 1998 -RRB- ."
Q535127,https://en.wikipedia.org/wiki/Pierre_Jolivet,1,0,0.0,""
Q569505,https://en.wikipedia.org/wiki/R._B._Kitaj,3,13,0.201664,"R.B._Kitag at the Vitro Nasu Blog Archive includes links to 1 Day Book -LRB- Text by Robert_Creeley with [13] ` graphics ' by R B Kitaj -RRB- ; Renewal and Resistance -LRB- David_Cohen in conversation with R.B._KITAJ in Los Angeles -RRB- & 1 Coney Island of the Mind by Lawrence_Ferlinghetti , with art by R._B._Kitaj"
Q7419,https://en.wikipedia.org/wiki/Emperor%20Yang%20of%20Sui,0,1,0.379909,"These expeditions , along with [1] series of disastrous campaigns against Goguryeo -LRB- one of the three kingdoms of Korea -RRB- , left the empire bankrupt and 1 populace in revolt ."
Q237761,https://en.wikipedia.org/wiki/Landgravine_Elisabeth_Amalie_of_Hesse-Darmstadt,11,0,0.0,""
Q9889,https://en.wikipedia.org/wiki/Emperor_Xizong_of_Tang,4,1,0.133837,"In late 876 , the chancellor Wang_Duo tried to end Wang_Xianzhi 's rebellion by promising to make him [1] army officer -- 1 offer that Wang_Xianzhi was initially entice by -- but after Huang opposed the proposal , the war continued , with Wang_Xianzhi and Huang dividing their armies into two separate bands ."
Q72141,https://en.wikipedia.org/wiki/Friedrich_Delitzsch,1,0,0.0,""
Q133040,https://en.wikipedia.org/wiki/Alberto_Fujimori,4,1,0.214932,"Neoliberal reforms under Fujimori took place in three distinct phases : 1 initial `` orthodox '' phase -LRB- 1990 -- 92 -RRB- in which technocrats dominated the reform agenda ; 1 `` pragmatic '' phase -LRB- 1993 -- 98 -RRB- that saw the growing influence of business elites over government priorities ; and 1 final `` watered-down '' phase -LRB- 1999 -- 2000 -RRB- dominated by 1 clique of personal loyalists and their clientelist policies that aimed to secure Fujimori [1] third term as president ."
Q1386330,https://en.wikipedia.org/wiki/Ramesh_Sippy,2,2,0.136822,"Ramesh_Sippy has been married [2] times ; his current wife is actress Kiran_Juneja ."
Q49492,https://en.wikipedia.org/wiki/Michael_Chekhov,1,0,0.0,""
Q152503,https://en.wikipedia.org/wiki/Mikhail_Khodorkovsky,4,1,0.249484,"In January 2009 , the same prisoner filed [1] lawsuit for 500,000 rubles -LRB- about $ 15,000 -RRB- against Khodorkovsky , accusing him of homosexual harassment ."
Q202537,https://en.wikipedia.org/wiki/Arkady_Gaidar,1,4,0.163958,"Arkady was the first of the couple 's [four] children ; his three sisters were Natalya , Olga and Yekaterina ."
Q42891,https://en.wikipedia.org/wiki/Krishna,1,16100,0.304119,"Besides them Krishna married [16,100] more women -LRB- number varies in scriptures -RRB- , whom he had rescued from Narakasura 's palace after killing Narakasura ."
Q230045,https://en.wikipedia.org/wiki/Tiffani_Thiessen,2,2,0.16212,"She married actor Brady_Smith on July 9 , 2005 , and they have [two] children : daughter Harper -LRB- born 2010 -RRB- and son Holt -LRB- born 2015 -RRB- ."
Q60610,https://en.wikipedia.org/wiki/Prince_Adalbert_of_Bavaria_(1828–1875),5,5,0.162117,"They had [five] children :"
Q71633,https://en.wikipedia.org/wiki/Hanna_Neumann,5,5,0.201734,"Four of her [five] children became mathematicians including Peter_M._Neumann ."
Q435755,https://en.wikipedia.org/wiki/Tudor_Arghezi,3,5,0.142435,"In 1904 , he and Vasile_Demetrius published their own magazine , Linia_Dreapt? , which ceased to exist after only [five] issues ."
Q1392368,https://en.wikipedia.org/wiki/Ferdynand%20Ruszczyc,0,0,0.0,""
Q3806921,https://en.wikipedia.org/wiki/Jan_Philip_van_Thielen,9,0,0.0,""
Q455766,https://en.wikipedia.org/wiki/Johann_Rudolf_Zumsteeg,7,7,0.105567,"In 1783 , Zumsteeg married Luise_Andreae with whom he had [seven] children ."
Q469701,https://en.wikipedia.org/wiki/Livia,2,1,0.4738,"1 notice from AD 22 records that Julia_Augusta_-LRB-_Livia_-RRB- dedicated [1] statue to Augustus in the center of Rome , placing her own name even before that of Tiberius ."
Q237358,https://en.wikipedia.org/wiki/Infanta_Maria_Theresa_of_Portugal,2,1,0.106214,"Described as one of the most beautiful women in Europe , Maria_Theresa married as his third wife Archduke_Karl_Ludwig of Austria , [1] younger brother of the Austrian Emperor Franz_Joseph I of Austria , at Kleinheubach on 23 July 1873 ."
Q10501,https://en.wikipedia.org/wiki/Nigel_Mansell,3,1,0.391258,"Unperturbed by Piquet 's mind games , Mansell went on to record five Grand Prix wins in 1986 and also played [1] part in one of the closest finishes in Formula One history , finishing second to Ayrton_Senna in the Spanish Grand Prix at Jerez by 1 mere 0.014 seconds -LRB- Mansell later jokingly said they should give himself and Senna 7�1/2 points each -RRB- ."
Q62317,https://en.wikipedia.org/wiki/Gottfried_Kirch,2,0,0.0,""
Q7183431,https://en.wikipedia.org/wiki/Philip_Dawe,6,6,0.115239,"He was married to Jane and they had [6] children , 3 of whom also became artists : George_Dawe , Henry_Edward_Dawe and James_Philip_Dawe ."
Q235250,https://en.wikipedia.org/wiki/Æthelflæd,1,1,0.285619,"In 914_1 Mercian army drawn from Gloucester and Hereford repelled [1] Viking invasion from Brittany , and the Iron Age Eddisbury hill fort was repaired to protect against invasion from Northumbria or Cheshire , while Warwick was fortified as further protection against the Leicester Danes ."
Q517791,https://en.wikipedia.org/wiki/Margaret_Roper,5,5,0.162117,"They had [five] children : Elizabeth -LRB- 1523 -- 60 -RRB- , Margaret -LRB- 1526 -- 88 -RRB- , Thomas -LRB- 1533 -- 98 -RRB- , Mary -LRB- d. 1572 -RRB- , and Anthony -LRB- 1544 -- 1597 -RRB- ."
Q564282,https://en.wikipedia.org/wiki/King_Huiwen_of_Qin,11,1,0.117048,"The strategist Su_Qin , [1] student of Guiguzi , managed to persuade the other six major states to form 1 alliance to deal with Qin ."
Q3194080,https://en.wikipedia.org/wiki/Kathleen_Lockhart,1,1,0.290178,"She has [1] star on the Hollywood Walk of Fame at 6241 Hollywood Boulevard ."
Q85145,https://en.wikipedia.org/wiki/Rudolph_Schildkraut,1,0,0.0,""
Q115643,https://en.wikipedia.org/wiki/Émil_Goeldi,1,0,0.0,""
Q259703,https://en.wikipedia.org/wiki/Amy_Yasbeck,1,2,0.459871,"Yasbeck and Ritter also starred together in Problem Child [2] -LRB- 1991 -RRB- and guest-starred together in 1 episode of The Cosby Show which aired in 1991 ."
Q438195,https://en.wikipedia.org/wiki/Emil_Viklický,1,0,0.0,""
Q527146,https://en.wikipedia.org/wiki/Margaret_Forster,3,3,0.295377,"Forster wrote prolifically during the 1960s and 1970s , while bringing up [three] young children , but she later criticised many of her early novels as `` skittery '' , feeling that she had found her 0 voice until her 1974 novel , The Seduction of Mrs Pendlebury ."
Q647445,https://en.wikipedia.org/wiki/Hugues_Panassié,1,16,0.206153,"In 1956 , RCA Victor published 1 LP record , Guide to Jazz -LRB- LPM 1393 -RRB- , 1 compilation including [16] recordings by prominent jazz artists with liner notes by Panassi� ."
Q4718348,https://en.wikipedia.org/wiki/Alexander_Bening,2,2,0.253701,"Bening had [two] sons : Simon_Bening , who was trained in his father 's craft , and Paul_Bening , whose profession is unknown ."
Q1729384,https://en.wikipedia.org/wiki/K._Asif,6,0,0.0,""
Q1872168,https://en.wikipedia.org/wiki/Louise_Juliane_of_Erbach,6,1,0.266714,"The rights of her daughters were recognized and , with Swedish assistance , [one] part of the county after the other was returned to her ."
Q2058876,https://en.wikipedia.org/wiki/Yuya_Uchida_(entertainer),1,1,0.121849,"Yuya_Uchida -LRB- Japanese : ?? ?? , Hepburn : Uchida_Y?ya , born November 17 , 1939 in Nishinomiya -RRB- is 1 Japanese singer , record producer , and actor who is regarded as [1] major figure in Japanese popular music ."
Q2246813,https://en.wikipedia.org/wiki/Princess_Elisabeth_of_Luxembourg_(1901–1950),2,3,0.138827,"Elisabeth and Ludwig had two children , five grandchildren , sixteen great-grandchildren and [three] great-great-grandchildren :"
Q285549,https://en.wikipedia.org/wiki/Bianca_Jagger,1,1,0.237275,"In January 2009 , Jagger addressed some 12,000 people who rallied in Trafalgar Square in protest against [1] Israeli offensive in the Gaza several days earlier ."
Q1147417,https://en.wikipedia.org/wiki/Simonetta_Stefanelli,3,3,0.123551,"They had [three] children together , including actress Violante_Placido , and they divorced in 1994 ."
Q1442192,https://en.wikipedia.org/wiki/Paquirri,3,2,0.156489,"He was first married to Carmen_Ord��ez , with whom he had [two] sons , Cayetano_Rivera_Ord��ez and Francisco_Rivera_Ord��ez ."
Q7492,https://en.wikipedia.org/wiki/Emperor_Xiaozong_of_Song,5,0,0.0,""
Q503850,https://en.wikipedia.org/wiki/Kamal_Jumblatt,1,1,0.182966,"Two years later , he was one of the main leaders of [1] major political uprising against Camille_Chamouns Maronite-dominated government , which soon escalated into street fights and guerilla attacks ."
Q7183734,https://en.wikipedia.org/wiki/Philip_Hinchcliffe,1,3,0.150655,"While the BBC publicly defended the programme , after [three] seasons Hinchcliffe was moved onto the adult police thriller series Target in 1977 , and his replacement Graham_Williams , who had created Target , was specifically instructed to lighten the tone of the storylines and reduce violence ."
Q469830,https://en.wikipedia.org/wiki/Gertrude_of_Sulzbach,2,2,0.300635,"De Fundatoribus Monasterii Diessenses contains 1 rather confused genealogy concerning her [two] most prominent daughters ."
Q67413,https://en.wikipedia.org/wiki/Eduard_Joseph_d'Alton,1,0,0.0,""
Q463940,https://en.wikipedia.org/wiki/Nakayama_Yoshiko,1,0,0.0,""
Q1738852,https://en.wikipedia.org/wiki/Kenneth_Cope,3,3,0.218411,"In 1975 -- 76 he wrote [three] series of the BBC children 's television series Striker , starring the young Kevin_Moreton and inspired by the local youth football team in the village of Islip , Oxfordshire , where the Cope family was then living ."
Q2230153,https://en.wikipedia.org/wiki/Princess_Catherine_of_Württemberg,1,2,0.255203,"Her [two] siblings were Charles I of W�rttemberg and Augusta , Princess of Saxe-Weimar-Eisenach ."
Q3144895,https://en.wikipedia.org/wiki/Hélène_van_Zuylen,2,2,0.150232,"They had [two] sons ."
Q86085,https://en.wikipedia.org/wiki/Adolf%20Lorenz,0,0,0.0,""
Q392653,https://en.wikipedia.org/wiki/Isaac_Komnenos_(son_of_Alexios_I),4,0,0.0,""
Q1380645,https://en.wikipedia.org/wiki/Pyotr_Andreyevich_Tolstoy,2,2,0.192075,"His wife was Solomonic Timofeevna_Dubrovskaya born 1660 and died 1722 ; he had [two] sons with her , Ivan -LRB- born 1685 -RRB- and Peter -LRB- born 1680 -RRB- ."
Q3508117,https://en.wikipedia.org/wiki/Dana_Medřická,1,0,0.0,""
Q263949,https://en.wikipedia.org/wiki/Natalie_of_Serbia,2,1,0.253494,"She had two sisters and [one] brother :"
Q3161760,https://en.wikipedia.org/wiki/Jan_Stenbeck,4,0,0.0,""
Q4347931,https://en.wikipedia.org/wiki/Signe_Hammarsten-Jansson,3,1,0.148185,"Hammarsten , 1 June 1882 Hann�s , Sweden - 6 June 1970 Porvoo -RRB- was [1] Swedish graphic artist who designed , among other things , around 220 Finnish postage stamps during the course of three decades ."
Q5515663,https://en.wikipedia.org/wiki/Gabriel_Gustafsson_Oxenstierna,7,2,0.183808,"Oxenstierna 's [two] last marriages were both childless ."
Q272321,https://en.wikipedia.org/wiki/He_Zizhen,6,1,0.39221,"Two English researchers who retraced the entire Long March in 2002 -- 2003 located 1 woman whom they believe might be [1] missing child left in the care of others by Mao and He in 1935 ."
Q2594607,https://en.wikipedia.org/wiki/Rogvolod_Vseslavich,3,2,0.309861,"Some historians , including Mikhail_Pogodin , believe that Rogvolod-Boris are [two] different princes ."
Q3487816,https://en.wikipedia.org/wiki/Kunigunde_of_Poland,5,1,0.19801,"The marriage produced [one] son , Mieszko -LRB- b. ca. 1330 - d. 1350 -RRB- ."
Q453505,https://en.wikipedia.org/wiki/Kenwa_Mabuni,2,0,0.0,""
Q935131,https://en.wikipedia.org/wiki/Jacob_de_Witt,2,4,0.211079,"He was 1 member of the States of Holland and 1 opponent of William_II , Prince of Orange , stadtholder of Holland and [four] other provinces ."
Q3081811,https://en.wikipedia.org/wiki/Francisco_Bouligny,4,1,0.173096,"At the age of 10 , he was sent to [1] boys ' school founded by the bishop of Orihuela , from which he graduated in 1750 and joined the family import-export business ."
Q271520,https://en.wikipedia.org/wiki/Elizabeth_Granowska,5,1,0.504618,"Grand Duke of Lithuania Vytautas proposed [1] marriage to his granddaughter Maria_Vasilievna , daughter of Vasily I of Moscow ."
Q6137372,https://en.wikipedia.org/wiki/James_Kinnier_Wilson,0,0,0.0,""
Q2533394,https://en.wikipedia.org/wiki/Ivan_Yakovlev_(educator),1,0,0.0,""
Q1056851,https://en.wikipedia.org/wiki/Cesare_I_Gonzaga,2,0,0.0,""
Q3358782,https://en.wikipedia.org/wiki/Barbro_Holmberg,3,3,0.195695,"Her marriage to radio journalist Thomas_Nordegren produced [three] children : one son , Axel and 2 daughters Elin and Josefin ."
Q4571729,https://en.wikipedia.org/wiki/Thorvald_Astrup,1,0,0.0,""
Q444839,https://en.wikipedia.org/wiki/Gyula_Zsengellér,1,0,0.0,""
Q4013965,https://en.wikipedia.org/wiki/Virginia_Bourbon_del_Monte,7,7,0.277914,"Meanwhile , Virginia had to face 1 tough confrontation with her father-in-law , who tried to claim parental authority over her [seven] children by all means after finding out that the two lovers were about to get married ."
Q661273,https://en.wikipedia.org/wiki/Ottokar_II_of_Styria,3,3,0.154693,"Ottokar_II was married in 1090 to Elisabeth , daughter of Leopold_II of Austria and Ida of Formbach-Ratelnberg , and had [three] children :"
Q3852035,https://en.wikipedia.org/wiki/Phương_Mai,2,1,0.132244,"On 5 August 1971 , in Paris , France , Princess Ph??ng_Mai married Pietro_Badoglio , 2nd Duke of Addis Abeba and Marquess of Sabotino ; they had two children , 1 son and [1] daughter :"
Q925205,https://en.wikipedia.org/wiki/Guy_I_de_la_Roche,6,1,0.195451,"The Chronicle of Morea asserts that Athens , which was technically only [1] lordship , was officially raised to the status of 1 duchy only after Guy met with Louis IX of France sometime in 1260 ."
Q1397516,https://en.wikipedia.org/wiki/Wichmann_the_Elder,4,3,0.134292,"She left him at least [three] sons and 1 daughter :"
Q19299804,https://en.wikipedia.org/wiki/Joan_Roca_i_Caball,7,1,0.284117,"He is best known as co-founder and one of the key people behind Instituto Catal�n de las Artes del Libro -LRB- also known as Societat de les Arts del Llibre -RRB- , [1] organization of Barcelona publishers ; he was member of its managing board ."
Q964403,https://en.wikipedia.org/wiki/Daniel_Ducarme,1,0,0.0,""
Q1564853,https://en.wikipedia.org/wiki/Hrvoje_Požar,1,1,0.193018,"Hrvoje Po?ar -LRB- 5 July 1916 - 30 June 1991 -RRB- was [1] Croatian engineer and one of the top world scientists at the Croatian Academy of Sciences and Arts ."
Q3706312,https://en.wikipedia.org/wiki/Devlet_Hatun,4,2,0.168162,"The tomb of Devlet_Hatun stands alone in Bursa neighbourhoods separate from the mosque complexes that contained the tombs of the sultans and other mbers of the dynasty , following [two] royal mothers , Nil�fer_Hatun and G�l�i�ek_Hatun ."
Q258452,https://en.wikipedia.org/wiki/Pinedjem_II,7,2,0.172233,"By Neskhons he had four children : [two] sons , Tjanefer and Masaharta , and two daughters , Itawy and Nesitanebetashru ."
Q3001995,https://en.wikipedia.org/wiki/Theodore_van_Houten,2,0,0.0,""
Q3507230,https://en.wikipedia.org/wiki/Andrzej_Hławiczka,3,0,0.0,""
Q6376323,https://en.wikipedia.org/wiki/Katherine_Cassavetes,1,0,0.0,""
Q7273895,https://en.wikipedia.org/wiki/R._P._Goenka,2,3,0.243126,"On Keshav_Prasad_Goenka 's death , his businesses were split between the [three] brothers ."
Q18221696,https://en.wikipedia.org/wiki/Michel_Besnier,3,2,0.159841,"They had [two] sons , Emmanuel and Jean-Michel , and 1 daughter , Marie ."
Q311149,https://en.wikipedia.org/wiki/Orestes_(father_of_Romulus_Augustulus),1,1,0.104527,"After Pannonia was ceded to Attila the Hun , Orestes joined Attila 's court , reaching high position as [1] secretary -LRB- notarius -RRB- in 449 and 452 ."
Q313237,https://en.wikipedia.org/wiki/Amaziah_of_Judah,1,2,0.133587,"He took the throne at the age of 25 , after the assassination of his father , and reigned for 29 years , -LRB- 2 Kings 14:2 , [2] Chronicles 25:1 -RRB- 24 years of which were with the co-regency of his son ."
Q335117,https://en.wikipedia.org/wiki/Aquila%20of%20Sinope,0,1,0.104898,"Aquilas then said to him , ` Even the wisest man in your kingdom , and [1] elder who is aged one-hundred , can not study their Divine Law if he is not circumcised , for thus is it written : He makes known his words unto Jacob , even his precepts and judgments unto Israel ."
Q500739,https://en.wikipedia.org/wiki/Cecrops_I,3,3,0.210043,"Cecrops was the father of [three] daughters : Herse , Pandrosus and Aglaurus ."
Q2994965,https://en.wikipedia.org/wiki/Constantin_Denis_Bourbaki,1,0,0.0,""
Q3790523,https://en.wikipedia.org/wiki/Clay_Matthews_Jr.,2,1,0.626594,"Matthews was one of the first players to negotiate [1] large contract going into the NFL ."
Q5451126,https://en.wikipedia.org/wiki/Fiona_Walker,2,1,0.16142,"Other television appearances have included All Creatures Great and Small -LRB- 1978 -RRB- , Pope John_Paul_II -LRB- 1984 -RRB- , Bleak House -LRB- 1985 -RRB- , The Woman in Black -LRB- 1989 -RRB- , Agatha_Christie 's Poirot -LRB- 1993 -RRB- , and two Doctor Who serials , 24 years apart , playing villainesses Kala in The Keys of Marinus in 1964 , and Lady Peinforte in Silver Nemesis in 1988 , as well as [1] definitive Ruth in Alan_Ayckbourn 's LatinGreek_trilogy_3 The Norman Conquests -- Thames Television -LRB- 1977 -RRB- ."
Q5549650,https://en.wikipedia.org/wiki/Gerald_W._Abrams,2,4,0.221382,"He further sought to involve his [four] children into the espionage until his wife caught on to his activities ."
Q8012191,https://en.wikipedia.org/wiki/William_Henry_Toms,1,0,0.0,""
Q543564,https://en.wikipedia.org/wiki/Solomonia_Saburova,0,1,0.10927,"Her father was Yury_Konstantinovich_Saburov , [1] nobleman who was elevated to boyar upon his daughter 's marriage to the LatinGreek_monarch_1 ."
Q2777768,https://en.wikipedia.org/wiki/Carlos_María_Morales,1,0,0.0,""
Q5386488,https://en.wikipedia.org/wiki/Eric_Fitzgibbon,1,0,0.0,""
Q5721098,https://en.wikipedia.org/wiki/Henry_Fane_of_Brympton,4,3,0.327457,"They had [three] sons reaching adulthood :"
Q6144813,https://en.wikipedia.org/wiki/James_W._Husted_(speaker),4,6,0.130972,"He was elected [six] times Speaker : in 1874 , 1876 , 1878 , 1886 , 1887 and 1890 , 1 record at the time ."
Q970357,https://en.wikipedia.org/wiki/Susana_Trimarco,1,6,0.105555,"In December 2012 , seven men and [six] women were charged with Marita 's kidnapping , but acquitted in 1 Tucuman criminal court ."
Q2170755,https://en.wikipedia.org/wiki/William_Bertrand_of_Provence,1,0,0.0,""
Q3972327,https://en.wikipedia.org/wiki/James_Laidlaw_Maxwell,2,2,0.159841,"They had [two] sons , John_Preston and James_Laidlaw_Jnr , both of whom later also became medical missionaries ."
Q4681891,https://en.wikipedia.org/wiki/Adele_Khoury_Graham,4,4,0.258164,"The first of the couple 's [four] daughters , Gwen , was born in 1963 ."
Q5343494,https://en.wikipedia.org/wiki/Edward_Holyoke,1,0,0.0,""
Q1257863,https://en.wikipedia.org/wiki/David_in_Islam,1,1,0.16185,"He used to sleep for half of the night and then pray for [one] third of the night and again sleep for its sixth part and used to fast on alternate days . ''"
Q2986223,https://en.wikipedia.org/wiki/Lê_Thái_Tông,3,0,0.0,""
Q16873168,https://en.wikipedia.org/wiki/Ndvungunye,13,0,0.0,""
Q20760743,https://en.wikipedia.org/wiki/Lilla_Vanston,1,1,0.206335,"The couple had [one] daughter , Dairine , who would also go on to become 1 artist ."
Q1078688,https://en.wikipedia.org/wiki/Christian_of_Thuringia,2,0,0.0,""
Q2745179,https://en.wikipedia.org/wiki/Ednyfed_Fychan,13,3,0.170363,"Ednyfed cut off the heads of three English lords in battle and carried them , still bloody , to Llywelyn , who commanded him to change his family coat of arms to display [three] heads in memory of the feat ."
Q5620271,https://en.wikipedia.org/wiki/Gurram_Jashuva,1,1,0.249067,"In [one] stanza , Jashuva writes : To this friendly bat he began telling his life-story with 1 heart scorched by sorrow ."
Q888823,https://en.wikipedia.org/wiki/Guy_André_Pierre_de_Montmorency-Laval,1,0,0.0,""
Q1405240,https://en.wikipedia.org/wiki/Waltheof_of_Bamburgh,0,0,0.0,""
Q1417640,https://en.wikipedia.org/wiki/War_Admiral,0,8,0.153658,"War Admiral 's name appears [eight] times in the pedigree of the 2015 LatinGreek_Triple_3 Crown winner , American Pharoah ."
Q4529990,https://en.wikipedia.org/wiki/Ida_de_Tosny,8,1,0.286711,"Many historians , including Marc_Morris have speculated that the couple had [1] third daughter , Alice , who married Aubrey de Vere IV , 2nd Earl of Oxford as his second wife ."
Q5989710,https://en.wikipedia.org/wiki/Idris_Shah_II_of_Perak,6,0,0.0,""
Q297765,https://en.wikipedia.org/wiki/Christy_Walton,1,0,0.0,""
Q1469721,https://en.wikipedia.org/wiki/Gaius%20Helen%20Mohiam,0,1,0.149884,"Mohiam also has [1] major role in the Prelude to Dune prequel LatinGreek_trilogy_3 -LRB- 1999 -- 2001 -RRB- by Brian_Herbert and Kevin_J._Anderson ."
Q4693147,https://en.wikipedia.org/wiki/Agnes_of_Faucigny,1,1,0.103276,"Originally intending to give [1] third of her inheritance to her daughter Beatrice and two thirds to her husband Peter , Agnes instead named her daughter as the sole heir to her lands in Faucigny , together with her daughter 's husband the Dauphin de Viennois ."
Q6017678,https://en.wikipedia.org/wiki/Inder_Raj_Anand,2,0,0.0,""
Q19911754,https://en.wikipedia.org/wiki/Francis_Bevan,4,3,0.19003,"He was married and widowed [three] times ."
Q381459,https://en.wikipedia.org/wiki/Agave_(mythology),0,2,0.286651,"Apollodorus , Apollodorus , The Library , with 1 English Translation by Sir James_George_Frazer , F.B.A. , F.R.S. in [2] Volumes ."
Q621376,https://en.wikipedia.org/wiki/Xiong_Kang,2,0,0.0,""
Q4532603,https://en.wikipedia.org/wiki/Hur_Nam-sik,1,0,0.0,""
Q7047269,https://en.wikipedia.org/wiki/Noel_Wood,2,2,0.170607,"See `` ON THE ROAD TO MEHETIA '' PART [2] ."
Q15130018,https://en.wikipedia.org/wiki/Grace_Crowfoot,4,3,0.139055,"In 1909 she married John_Winter_Crowfoot , who was the Assistant Director of Education in Sudan and they lived in Cairo where had [three] daughters ."
Q18619134,https://en.wikipedia.org/wiki/Marilyn_Ziering,4,2,0.172206,"The couple had [two] sons and two daughters : Michael_Ziering , Ira_Ziering , Rosanne_Ziering , Amy_Ziering ."
Q3154783,https://en.wikipedia.org/wiki/Isaac_Wilkinson,7,0,0.0,""
Q272200,https://en.wikipedia.org/wiki/Æthelmund,1,1,0.385281,"Later , between 793 and 796 -LSB- 2 -RSB- Earldorman �thelmund witnessed [1] charter of Offa , King of Mercia ."
Q847745,https://en.wikipedia.org/wiki/Lu_Lun,0,1,0.112962,"Lu_Lun -LRB- traditional Chinese : ?? ; simplified Chinese : ?? ; pinyin : L� L�n , 739-799 -RRB- was 1 Chinese poet of the Middle Tang Dynasty , with six of his poems being included in the famous anthology Three Hundred Tang Poems , as well as being mentioned in [one] poem , by Sikong_Shu , which was translated by Witter_Bynner as `` When Lu_Lun My Cousin Comes For The Night '' ."
Q4666095,https://en.wikipedia.org/wiki/Abdullah_bin_Abdul-Rahman,0,0,0.0,""
Q4786802,https://en.wikipedia.org/wiki/Archie_Stirling,2,2,0.226263,"The couple had [two] sons , William_Rory_Alexander_Stirling , born on 15 December 1965 , and Ludovic_David_Stirling , born on 29 April 1967 ."
Q7180681,https://en.wikipedia.org/wiki/Pharamond_II,0,0,0.0,""
Q4708856,https://en.wikipedia.org/wiki/Alauddin_al-Kahar,5,5,0.2537,"According to the relatively trustworthy chronicle Bustanus_Salatin , Alauddin had [five] sons :"
Q17004191,https://en.wikipedia.org/wiki/Meyliservet_Kadınefendi,1,1,0.245747,"After remaining in Italy for more than eight years , the two sisters returned to Istanbul where they lived [1] lonely life ."
Q1069286,https://en.wikipedia.org/wiki/Xin_Pi,0,0,0.0,""
Q7441703,https://en.wikipedia.org/wiki/Searching_(horse),0,0,0.0,""
Q7933493,https://en.wikipedia.org/wiki/Vipin_Reshammiya,2,2,0.159841,"Vipin is married to Madhu and they have [two] sons , Jayesh and Himesh ."
Q19661203,https://en.wikipedia.org/wiki/Yasho_Brahma_Shah,2,0,0.0,""
Q41418,https://en.wikipedia.org/wiki/Petras%20Jonaitis%20Mantigirdaitis,0,2,0.116903,"Mantigirdaitis was married [2] times ."
Q5349023,https://en.wikipedia.org/wiki/Eight_Thirty,0,4,0.131549,"However , competing in the East Coast racing scene along with greats such as Johnstown and Challedon , in one month alone , Eight Thirty won [four] straight important stakes races ."
Q15707067,https://en.wikipedia.org/wiki/Ilanaga_of_Anuradhapura,0,0,0.0,""
Q4667238,https://en.wikipedia.org/wiki/Empress_Dowager_Xiaoding,1,0,0.0,""
Q12516074,https://en.wikipedia.org/wiki/Isyana_Tunggawijaya,1,0,0.0,""
Q7207,https://en.wikipedia.org/wiki/Elizabeth%20I%20of%20England,0,1,0.317906,"Elizabeth was the first Tudor to recognise that [1] LatinGreek_monarch_1 ruled by popular consent ."
Q348466,https://en.wikipedia.org/wiki/Tokugawa%20Iemochi,0,0,0.0,""
Q357046,https://en.wikipedia.org/wiki/Emperor%20Rokuj%C5%8D,0,0,0.0,""
Q357273,https://en.wikipedia.org/wiki/Emperor%20Seinei,0,1,0.118574,"Seinei was [1] 5th-century LatinGreek_monarch_1 ."
Q336776,https://en.wikipedia.org/wiki/David%20Carnegie%2C%2011th%20Earl%20of%20Northesk,0,0,0.0,""
Q374020,https://en.wikipedia.org/wiki/Emperor%20Shij%C5%8D,0,0,0.0,""
Q9200,https://en.wikipedia.org/wiki/Paul%20the%20Apostle,0,1,0.351618,"When [1] famine occurred in Judea , around 45 -- 46 , Paul and Barnabas journeyed to Jerusalem to deliver financial support from the Antioch community ."
Q7227,https://en.wikipedia.org/wiki/Emperor%20Zhao%20of%20Han,0,1,0.301097,"Huo sent [1] imperial messenger , Fu_Jiezi -LRB- ??? -RRB- to assassinate Angui ."
Q7301,https://en.wikipedia.org/wiki/Prince%20of%20Hongnong,0,0,0.0,""
Q379889,https://en.wikipedia.org/wiki/Iyasu%20V,0,1,0.379909,"These expeditions , along with [1] series of disastrous campaigns against Goguryeo -LRB- one of the three kingdoms of Korea -RRB- , left the empire bankrupt and 1 populace in revolt ."
Q447831,https://en.wikipedia.org/wiki/Andrey%20Lyapchev,0,0,0.0,""
Q450675,https://en.wikipedia.org/wiki/Pope%20Francis,0,2,0.484854,"This was reported as the first such high-level meeting between the [two] churches since the Great Schism of 1054 ."
Q28530,https://en.wikipedia.org/wiki/William%20II%2C%20Count%20of%20Flanders,0,0,0.0,""
Q11891,https://en.wikipedia.org/wiki/James%20K.%20Polk,0,2,0.347465,"Though the United States had been the first country to recognize Mexico 's independence following the Mexican War of Independence , relations between the [two] countries began to sour in the 1830s ."
Q41919,https://en.wikipedia.org/wiki/George%20Frederick%2C%20Margrave%20of%20Brandenburg-Ansbach,0,0,0.0,""
Q41866,https://en.wikipedia.org/wiki/Justinian%20I,0,1,0.307112,"Works of embellishment were not confined to churches alone : excavations at the site of the Great Palace of Constantinople have yielded several high-quality mosaics dating from Justinian 's reign , and 1 column topped by [1] bronze statue of Justinian on horseback and dressed in 1 military costume was erected in the Augustaeum in Constantinople in 543 ."
Q37122,https://en.wikipedia.org/wiki/Athena,0,3,0.483301,"Athena puts the infant Erichthonius into 1 small box -LRB- cista -RRB- which she entrusts to the care of [three] sisters , Herse , Pandrosus , and Aglaulus of Athens ."
Q479934,https://en.wikipedia.org/wiki/Jan%20II%20the%20Good,0,2,0.116903,"Mantigirdaitis was married [2] times ."
Q702231,https://en.wikipedia.org/wiki/Liu%20Ruyi,0,0,0.0,""
Q508338,https://en.wikipedia.org/wiki/Luca%20Zaia,0,0,0.0,""
Q559539,https://en.wikipedia.org/wiki/William%20Iron%20Arm,0,0,0.0,""
Q1150358,https://en.wikipedia.org/wiki/Empress%20Dowager%20Ci%27an,0,1,0.24207,"In 1856 one of his concubines or second wives bore him [1] son , who succeeded him as the Emperor Tung-Chih in 1861 ."
Q104226,https://en.wikipedia.org/wiki/Rosine%20Elisabeth%20Menthe,0,0,0.0,""
Q83331,https://en.wikipedia.org/wiki/Louis%20de%20Broglie,0,1,0.195459,"It is [1] attempt to bring together the three furthest principles of physics : the principles of Fermat , Maupertuis , and Carnot ."
Q114031,https://en.wikipedia.org/wiki/Heinrich%20Gross,0,9,0.166534,"Heinrich_Gross -LRB- 14 November 1915 -- 15 December 2005 -RRB- was 1 Austrian psychiatrist , medical doctor and neurologist , 1 reputed expert as 1 leading court-appointed psychiatrist , ill-famed for his proven involvement in the killing of at least [nine] children with physical , mental and/or emotional/behavioral characteristics considered `` unclean '' by the Nazi regime , under its Euthanasia Program ."
Q74268,https://en.wikipedia.org/wiki/Bernhard%20Vogel%20%28politician%29,0,0,0.0,""
Q51720,https://en.wikipedia.org/wiki/Tancred%2C%20Prince%20of%20Galilee,0,0,0.0,""
Q80261,https://en.wikipedia.org/wiki/Mary%20Percy%2C%20Countess%20of%20Northumberland,0,1,0.175289,"Her maternal grandparents were William_Hastings , 1st Baron_Hastings , and Katherine_Neville , [1] younger sister of Richard_Neville , 16th Earl of Warwick ."
Q65695,https://en.wikipedia.org/wiki/Alexander%20Karl%2C%20Duke%20of%20Anhalt-Bernburg,0,0,0.0,""
Q68377,https://en.wikipedia.org/wiki/Philip%20II%2C%20Landgrave%20of%20Hesse-Rheinfels,0,4,0.24255,"After his father 's death in 1567 , the Landgraviate of Hesse was divided between the [four] sons out of the late landgrave 's first marriage ."
Q74145,https://en.wikipedia.org/wiki/Princess%20Karoline%20Amalie%20of%20Hesse-Kassel,0,0,0.0,""
Q81833,https://en.wikipedia.org/wiki/Alfonso%20the%20Battler,0,1,0.173964,"`` The result of the crisis produced by the result of Alfonso I 's will was [1] major reorientation of the peninsula 's kingdoms : the separation of Aragon and Navarre , the union of Aragon and Catalonia and -- 1 moot point but stressed particularly by some Castilian historians -- the affirmation of ` Castilian hegemony ' in Spain '' by the rendering of homage for Zaragoza by Alfonso 's eventual heir , Ramon_Berenguer IV of Barcelona ."
Q1254019,https://en.wikipedia.org/wiki/Anne%20de%20La%20Tour%20d%27Auvergne,0,0,0.0,""
Q1635226,https://en.wikipedia.org/wiki/Hugh%20II%20of%20Jaffa,0,1,0.379855,"William of Tyre , [1] History of Deeds Done Beyond the Sea , Volume II ."
Q2012697,https://en.wikipedia.org/wiki/Alexander%2C%20Prince%20of%20Scotland,0,2,0.214837,"The ensuing succession crisis brought Scotland under the control of England and resulting in 1 war between the [two] countries ."
Q2425582,https://en.wikipedia.org/wiki/Haleth,0,2,0.149695,"The remnant was gathered under one Haldad and his [2] children , daughter Haleth and son Haldar ; and they held out for days in 1 stockade until the Noldor rescued them , by which time both Haldad and Haldar were slain ."
Q1406925,https://en.wikipedia.org/wiki/C%C3%A9cile%20Sorel,0,0,0.0,""
Q2028843,https://en.wikipedia.org/wiki/Anna%20of%20Moscow,0,0,0.0,""
Q120564,https://en.wikipedia.org/wiki/Empress%20Meish%C5%8D,0,1,0.120601,"1637 -LRB- Kanei 14 -RRB- : [1] major rebellion occurs in the Arima and Shimabara with many Christians involved ; shogunal forces are sent to quell the disturbance ."
Q151781,https://en.wikipedia.org/wiki/Ivan%20VI%20of%20Russia,0,2,0.629187,"Scarcely 1 year later his first cousin [2] times-removed , Elizabeth , seized the throne in 1 coup , ruling thereafter as Empress of Russia ."
Q185152,https://en.wikipedia.org/wiki/Puyi,0,4,0.364475,"In 1921 , it was decided by the Dowager Consorts -LRB- the [four] widows of the emperors before Puyi -RRB- that it was time for the 15-year-old Puyi to be married , although court politics dragged the complete process -LRB- from selecting the bride , up through the wedding ceremony -RRB- out for almost two years ."
Q235343,https://en.wikipedia.org/wiki/Empress%20Gensh%C5%8D,0,4,0.349847,"The [four] female LatinGreek_monarchs_1 before Gensh? were : -LRB- a -RRB- Suiko , -LRB- b -RRB- K?gyoku , -LRB- c -RRB- Jit? and -LRB- d -RRB- Genmei ."
Q232955,https://en.wikipedia.org/wiki/Empress%20K%C5%8Dken,0,5,0.349847,"The [five] female LatinGreek_monarchs_1 before K?ken / Sh?toku were -LRB- 1 -RRB- Suiko , -LRB- b -RRB- K?gyoku / Saimei , -LRB- c -RRB- Jit? , -LRB- d -RRB- Genmei , and -LRB- e -RRB- Gensh? ; and the two women sovereigns reigning after K?ken / Sh?toku were -LRB- f -RRB- Meish? , and -LRB- g -RRB- Go-Sakuramachi ."
Q230525,https://en.wikipedia.org/wiki/Empress%20Go-Sakuramachi,0,4,0.386229,"Also enshrined in this location are this empress 's immediate Imperial predecessors since Emperor Go-Mizunoo -- Meish? , Go-K?my? , Go-Sai , Reigen , Higashiyama , Nakamikado , Sakuramachi and Momozono , along with her [four] immediate successors -- Go-Momozono , K?kaku , Nink? , and K?mei ."
Q3200733,https://en.wikipedia.org/wiki/Conrad%20Theodor%20van%20Deventer,0,1,0.193377,"He also wrote [1] series of four articles , called `` Het Wilhelmus als Nederlands Volkslied '' -LRB- the Wilhelmus as the Dutch national anthem -RRB- , for the Locomotief that year and gave in the Locomotief his perspective on the Zola trial ."
Q7184745,https://en.wikipedia.org/wiki/Philippa%20of%20Antioch,0,0,0.0,""
Q5286615,https://en.wikipedia.org/wiki/Dobies%C5%82aw%20Kmita,0,0,0.0,""
Q6653873,https://en.wikipedia.org/wiki/Liu%20Yong%20%28Qing%20dynasty%29,0,0,0.0,""
Q3120461,https://en.wikipedia.org/wiki/Guillaume%20de%20Sax,0,0,0.0,""
Q5308880,https://en.wikipedia.org/wiki/Willem%20Anne%20Assueer%20Jacob%20Schimmelpenninck%20van%20der%20Oye,0,1,0.125482,"He had three sisters and [1] younger brother , Alexander_Schimmelpenninck_van_der_Oye , later member of the House of Representatives of the Netherlands ."
Q16322530,https://en.wikipedia.org/wiki/Ingeborg%20W%C3%A6rn%20Bugge,0,0,0.0,""
Q4956710,https://en.wikipedia.org/wiki/Brandir,0,0,0.0,""
Q7981004,https://en.wikipedia.org/wiki/Weligama%20Sri%20Sumangala,0,1,0.145422,"He lived and dressed as did the Buddhist monks at the time of Buddha more than twenty centuries ago , and was [1] noble representative of the religion of `` The Enlightened One '' in its original and purest form ."
Q241765,https://en.wikipedia.org/wiki/Emperor%20Ankan,0,0,0.0,""
Q311374,https://en.wikipedia.org/wiki/Alexander%20Ovechkin,0,1,0.234177,"Playing in the final season of his rookie contract , in 2007 -- 08 , Ovechkin signed [1] 13-year contract extension worth $ 124 million with the Capitals on January 10 , 2008 ."
Q279693,https://en.wikipedia.org/wiki/Stefan%20Uro%C5%A1%20V,0,0,0.0,""
Q270460,https://en.wikipedia.org/wiki/Olga%20Rozanova,0,0,0.0,""
Q336383,https://en.wikipedia.org/wiki/Tokugawa%20Iesada,0,0,0.0,""
Q323422,https://en.wikipedia.org/wiki/Tokugawa%20Ietsuna,0,1,0.104898,"Aquilas then said to him , ` Even the wisest man in your kingdom , and [1] elder who is aged one-hundred , can not study their Divine Law if he is not circumcised , for thus is it written : He makes known his words unto Jacob , even his precepts and judgments unto Israel ."
Q318811,https://en.wikipedia.org/wiki/Tongzhi%20Emperor,0,2,0.132806,"However , the [two] empress dowagers stuck by the intended date of February 23 , 1873 ."
Q334644,https://en.wikipedia.org/wiki/Emperor%20Buretsu,0,0,0.0,""
Q232101,https://en.wikipedia.org/wiki/Rachael_Leigh_Cook,2,2,0.484854,"This was reported as the first such high-level meeting between the [two] churches since the Great Schism of 1054 ."
Q193368,https://en.wikipedia.org/wiki/Ted_Turner,5,1,0.453104,"Czolgosz concealed his gun in [1] handkerchief , and , when he reached the head of the line , shot McKinley 2 times in the abdomen ."
Q230512,https://en.wikipedia.org/wiki/Phyllis_Diller,6,1,0.249484,"In January 2009 , the same prisoner filed [1] lawsuit for 500,000 rubles -LRB- about $ 15,000 -RRB- against Khodorkovsky , accusing him of homosexual harassment ."
Q816568,https://en.wikipedia.org/wiki/Ben_Miller,3,3,0.242776,"From 2011 until the series [three] premiere in 2014 , Miller starred in the BBC-French co-produced series Death in Paradise as Detective Inspector -LRB- DI -RRB- Richard_Poole ."
Q574033,https://en.wikipedia.org/wiki/Shevah_Weiss,2,1,0.184178,"Shevah_Weiss -LRB- Hebrew : ???_???? ; born 5 July 1935 -RRB- , is [1] Israeli political scientist and former politician ."
Q262490,https://en.wikipedia.org/wiki/Kathy_Ireland,3,13,0.328007,"Ireland was 1 supermodel in the 1980s and 1990s , best known for appearing in [13] consecutive Sports Illustrated swimsuit issues ."
Q4355545,https://en.wikipedia.org/wiki/Ali_Mazrui,5,6,0.593035,"Mazrui believed there were [six] paradoxes that were central to understanding Africa : 1 -RRB- Africa was the birthplace of man , but is the last to be made habitable in 1 modern sense ."
Q982225,https://en.wikipedia.org/wiki/Eamon_Gilmore,3,1,0.221031,"He also pointed to the existence of [1] $ 20 LatinGreek_billion_2 `` backstop '' of reserve funding held by the National Treasury Management Agency that could fund the Irish State up until the beginning of 2015 if so required ."
Q863316,https://en.wikipedia.org/wiki/Fred_DeLuca,1,1,0.193377,"He also wrote [1] series of four articles , called `` Het Wilhelmus als Nederlands Volkslied '' -LRB- the Wilhelmus as the Dutch national anthem -RRB- , for the Locomotief that year and gave in the Locomotief his perspective on the Zola trial ."
Q7174275,https://en.wikipedia.org/wiki/Peter_Goin,2,2,0.103603,"His work has been shown in over fifty museums nationally and internationally and he is the recipient of [two] National Endowment for the Arts Fellowships ."
Q255714,https://en.wikipedia.org/wiki/Ana_Hickmann,1,0,0.0,""
Q324539,https://en.wikipedia.org/wiki/Sam_Sheppard,1,2,0.287821,"DNA evidence , which was not available in the [two] murder trials , played 1 important role in the civil trial ."
Q454245,https://en.wikipedia.org/wiki/Alan_Kelly_(politician),2,2,0.182181,"The couple have [two] children ; 1 daughter and 1 son ."
Q1894411,https://en.wikipedia.org/wiki/Marcus_Wallenberg_(born_1956),8,2,0.123551,"They have [two] children together ; he has four children from 1 earlier relationship ."
Q1301476,https://en.wikipedia.org/wiki/Sunil_Mittal,3,1,0.178255,"1 first generation entrepreneur , Sunil started his first business in April 1976 at the age of 18 , with [1] capital investment of 20,000 -LRB- US$ 300 -RRB- borrowed from his father ."
Q13575319,https://en.wikipedia.org/wiki/William_Jasper_Kerr,6,1,0.258118,"Reed , Edwin_Thomas -LRB- 1948 -RRB- , William_Jasper_Kerr , [1] Biography , Corvallis : Office of Publications , Oregon State College , hdl :1957 / 11883 ."
Q2442673,https://en.wikipedia.org/wiki/Tony_Killeen,5,5,0.119208,"He is married to Lily_O'Keeffe ; they have [five] sons and live in Kilnaboy , County Clare ."
Q4709994,https://en.wikipedia.org/wiki/Albert_D._Bosson,2,1,0.160949,"They had two children , [1] son , Campbell_Bosson , born on November 18 , 1888 , and 1 daughter , Pauline_Arlaud_Bosson , born on February 24 , 1894 ."
Q6779107,https://en.wikipedia.org/wiki/Mary_Bradbury,11,0,0.0,""
Q7383878,https://en.wikipedia.org/wiki/Ryan_Bennett_(sportscaster),4,4,0.107967,"They had [four] children ."
Q5524863,https://en.wikipedia.org/wiki/Gary_Cohen,5,1,0.112444,"'' -LSB- Player name -RSB- would be next '' when [1] player is on deck with two outs ."
Q4719471,https://en.wikipedia.org/wiki/Alexander_MacEwen,5,3,0.140004,"MacEwen had [three] sons and two daughters ."
Q4755023,https://en.wikipedia.org/wiki/Andrea_Coote,3,0,0.0,""
Q5446263,https://en.wikipedia.org/wiki/Fiach_Mac_Conghail,2,2,0.156473,"Mac Conghail has [two] daughters with actress Br�d_N�_Neachtain ."
Q12958427,https://en.wikipedia.org/wiki/Mihael_Zmajlović,2,2,0.105567,"Zmajlovi? is married to Marija_Zmajlovi? with whom he has [two] children ."
Q5085069,https://en.wikipedia.org/wiki/Charlie_Jacobs,3,3,0.166807,"The couple have [three] children , two sons and one daughter ."
Q15052269,https://en.wikipedia.org/wiki/Benjamin_B._Wagner,3,18,0.124795,"He has conducted [eighteen] jury trials ."
Q121033,https://en.wikipedia.org/wiki/Urs_Schwarzenbach,2,1,0.260853,"Schwarzenbach 's development of the Culham Court estate still continues apace with the ongoing extension of the existing 90-acre -LRB- 360,000 m2 -RRB- deer park with over 4 kilometres of wrought iron deer fencing , 1 mile long `` London '' drive through beautiful beech woodland to the main road , the 2010 # 8 million acquisition of three cottages and the original walled gardens which will be reinstated to provide fresh fruit and vegetables for the main house , [1] new ha-ha , and 1 extensive state of the art 24/7 security system including 1 `` hard '' room ."
Q3115393,https://en.wikipedia.org/wiki/Grant_Haskin,1,0,0.0,""
Q3385801,https://en.wikipedia.org/wiki/Pierre_Lassonde,3,0,0.0,""
Q6733663,https://en.wikipedia.org/wiki/Mahdi_Al_Tajir,5,5,0.111622,"Al_Tajir is married with [five] children ."
